Sigla,Unidade da Federação,Ano,Região,cov 1a dose,cov 2a dose,num doses,Óbitos,casos,Habitantes,Casos por Milhão,Óbitos por Milhão
AC,Acre,2003,"Região
Norte",99.4,NA,721201,0,0,600595,0,0
AC,Acre,2004,"Região
Norte",123.22,NA,768388,0,0,630328,0,0
AC,Acre,2005,"Região
Norte",95.12,NA,79654,0,0,669736,0,0
AC,Acre,2006,"Região
Norte",90.84,NA,669942,0,0,686652,0,0
AC,Acre,2007,"Região
Norte",109.45,NA,808398,0,0,NA,NA,NA
AC,Acre,2008,"Região
Norte",94.17,NA,1101545,0,0,680075,0,0
AC,Acre,2009,"Região
Norte",103.45,NA,850524,0,0,691132,0,0
AC,Acre,2010,"Região
Norte",96.87,NA,760337,0,0,733559,0,0
AC,Acre,2011,"Região
Norte",105.29,NA,728636,0,0,746386,0,0
AC,Acre,2012,"Região
Norte",90.28,NA,652141,0,0,758786,0,0
AC,Acre,2013,"Região
Norte",95,27.08,740607,0,0,776463,0,0
AC,Acre,2014,"Região
Norte",99.2,61.61,523241,0,0,790101,0,0
AC,Acre,2015,"Região
Norte",84.21,51.69,537768,0,0,803513,0,0
AC,Acre,2016,"Região
Norte",75.71,64.2,462718,0,0,816687,0,0
AC,Acre,2017,"Região
Norte",75.14,57,491815,0,0,829619,0,0
AC,Acre,2018,"Região
Norte",83.11,71.92,468962,0,0,869265,0,0
AC,Acre,2019,"Região
Norte",87.39,78.65,469954,0,0,881935,0,0
AC,Acre,2020,"Região
Norte",59.46,41.2,409841,0,0,894470,0,0
AC,Acre,2021,"Região
Norte",60.2,25.95,363477,0,0,906876,0,0
AC,Acre,2022,"Região
Norte",70.47,37.33,424894,0,0,830018,0,0
AC,Acre,2023,"Região
Norte",80.4,43.08,NA,0,0,NA,NA,NA
AC,Acre,2024,"Região
Norte",87.77,54.68,NA,0,0,880631,0,0
AC,Acre,2025,"Região
Norte",91.27,69.95,NA,0,0,884372,0,0
AL,Alagoas,2003,"Região
Nordeste",99.05,NA,2639163,0,0,2917664,0,0
AL,Alagoas,2004,"Região
Nordeste",123.77,NA,3230065,0,0,2980910,0,0
AL,Alagoas,2005,"Região
Nordeste",110.17,NA,2617337,0,0,3015912,0,0
AL,Alagoas,2006,"Região
Nordeste",103.9,NA,2194063,0,0,3050652,0,0
AL,Alagoas,2007,"Região
Nordeste",99.63,NA,2182470,0,0,NA,NA,NA
AL,Alagoas,2008,"Região
Nordeste",92.94,NA,3087921,0,0,3127560,0,0
AL,Alagoas,2009,"Região
Nordeste",105.33,NA,2435714,0,0,3156108,0,0
AL,Alagoas,2010,"Região
Nordeste",98.58,NA,2243965,0,0,3120494,0,0
AL,Alagoas,2011,"Região
Nordeste",89.95,NA,1658127,0,0,3143384,0,0
AL,Alagoas,2012,"Região
Nordeste",93.18,NA,1948592,0,0,3165472,0,0
AL,Alagoas,2013,"Região
Nordeste",110.72,58.38,2511904,0,0,3300935,0,0
AL,Alagoas,2014,"Região
Nordeste",113.15,90.64,2182762,0,0,3321730,0,0
AL,Alagoas,2015,"Região
Nordeste",98.67,81.68,4131201,0,0,3340932,0,0
AL,Alagoas,2016,"Região
Nordeste",102.24,60.5,1506137,0,0,3358963,0,0
AL,Alagoas,2017,"Região
Nordeste",99.22,68.67,1827954,0,0,3375823,0,0
AL,Alagoas,2018,"Região
Nordeste",107.18,72.09,1885955,0,0,3322820,0,0
AL,Alagoas,2019,"Região
Nordeste",106.22,74.53,1789739,0,35,3337357,10.487340731003606,0
AL,Alagoas,2020,"Região
Nordeste",80.23,51.94,1866250,0,3,3351543,0.8951101030182217,0
AL,Alagoas,2021,"Região
Nordeste",77.68,50.27,1504982,0,11,3365351,3.268604077256726,0
AL,Alagoas,2022,"Região
Nordeste",89.74,61.25,1622998,0,0,3127683,0,0
AL,Alagoas,2023,"Região
Nordeste",94.88,73.82,NA,0,0,NA,NA,NA
AL,Alagoas,2024,"Região
Nordeste",95.14,85.52,NA,0,0,3220104,0,0
AL,Alagoas,2025,"Região
Nordeste",89.89,73.32,NA,0,0,3220848,0,0
AM,Amapá,2003,"Região
Norte",91.3,NA,603199,0,0,534835,0,0
AM,Amapá,2004,"Região
Norte",86.06,NA,600663,0,0,547400,0,0
AM,Amapá,2005,"Região
Norte",104.03,NA,561421,0,0,594587,0,0
AM,Amapá,2006,"Região
Norte",103.37,NA,533933,0,0,615715,0,0
AM,Amapá,2007,"Região
Norte",110.07,NA,552849,0,0,NA,NA,NA
AM,Amapá,2008,"Região
Norte",101.56,NA,859412,0,0,613166,0,0
AM,Amapá,2009,"Região
Norte",103.13,NA,635197,0,0,626609,0,0
AM,Amapá,2010,"Região
Norte",100.11,NA,589878,0,0,669526,0,0
AM,Amapá,2011,"Região
Norte",94.67,NA,475726,0,0,684309,0,0
AM,Amapá,2012,"Região
Norte",103.39,NA,531191,0,0,698602,0,0
AM,Amapá,2013,"Região
Norte",98.77,56.09,636151,0,0,734996,0,0
AM,Amapá,2014,"Região
Norte",114.36,84.51,546718,0,0,750912,0,0
AM,Amapá,2015,"Região
Norte",95.42,78.17,518444,0,0,766679,0,0
AM,Amapá,2016,"Região
Norte",83.56,75.6,482008,0,0,782295,0,0
AM,Amapá,2017,"Região
Norte",79.83,61.32,469917,0,0,797722,0,0
AM,Amapá,2018,"Região
Norte",89.81,78,457555,0,0,829494,0,0
AM,Amapá,2019,"Região
Norte",92.12,82.29,44525,0,2,845731,2.36481812774984,0
AM,Amapá,2020,"Região
Norte",76.27,51.38,342751,0,296,861773,343.4779228404696,0
AM,Amapá,2021,"Região
Norte",64.18,34.7,504008,2,534,877613,608.4686530395516,2.2789088128822157
AM,Amapá,2022,"Região
Norte",61.33,35.41,37577,0,30,733759,40.8853588167232,0
AM,Amapá,2023,"Região
Norte",77.65,45.76,NA,0,0,NA,NA,NA
AM,Amapá,2024,"Região
Norte",86.57,65.66,NA,0,0,802837,0,0
AM,Amapá,2025,"Região
Norte",85.4,63.6,NA,0,0,806517,0,0
AP,Amazonas,2003,"Região
Norte",114.5,NA,3021795,0,0,3031068,0,0
AP,Amazonas,2004,"Região
Norte",129.76,NA,2995364,0,0,3138726,0,0
AP,Amazonas,2005,"Região
Norte",99.34,NA,3125531,0,0,3232330,0,0
AP,Amazonas,2006,"Região
Norte",90.41,NA,3112837,0,0,3311026,0,0
AP,Amazonas,2007,"Região
Norte",98.29,NA,3338186,0,0,NA,NA,NA
AP,Amazonas,2008,"Região
Norte",93.02,NA,4681748,0,0,3341094,0,0
AP,Amazonas,2009,"Região
Norte",100.57,NA,3402865,0,0,3393369,0,0
AP,Amazonas,2010,"Região
Norte",92.1,NA,3169663,0,0,3483985,0,0
AP,Amazonas,2011,"Região
Norte",93,NA,2638224,0,0,3538387,0,0
AP,Amazonas,2012,"Região
Norte",91.55,NA,3009721,0,0,3590985,0,0
AP,Amazonas,2013,"Região
Norte",95.63,48.43,3866612,0,0,3807921,0,0
AP,Amazonas,2014,"Região
Norte",113.19,84.86,3235902,0,0,3873743,0,0
AP,Amazonas,2015,"Região
Norte",89.02,74.65,3087677,0,0,3938336,0,0
AP,Amazonas,2016,"Região
Norte",97.36,85.95,2348378,0,0,4001667,0,0
AP,Amazonas,2017,"Região
Norte",71.98,60.16,2732985,0,0,4063614,0,0
AP,Amazonas,2018,"Região
Norte",77.1,63.88,3614395,6,8789,4080611,2153.844117951944,1.4703680404723705
AP,Amazonas,2019,"Região
Norte",87.24,74.28,2835710,0,4,4144597,0.9651119276494191,0
AP,Amazonas,2020,"Região
Norte",51.89,37.03,2549600,0,7,4207714,1.663611167489045,0
AP,Amazonas,2021,"Região
Norte",73.11,44.7,2245189,0,0,4269995,0,0
AP,Amazonas,2022,"Região
Norte",78.94,48.78,2681689,0,0,3941613,0,0
AP,Amazonas,2023,"Região
Norte",87.03,53.12,NA,0,0,NA,NA,NA
AP,Amazonas,2024,"Região
Norte",96.14,78.22,NA,0,0,4281209,0,0
AP,Amazonas,2025,"Região
Norte",91.84,78.92,NA,0,0,4321616,0,0
BA,Bahia,2003,"Região
Nordeste",107.79,NA,11799356,0,0,13435612,0,0
BA,Bahia,2004,"Região
Nordeste",132.66,NA,13026786,0,0,13682074,0,0
BA,Bahia,2005,"Região
Nordeste",117.98,NA,11655656,0,0,13815334,0,0
BA,Bahia,2006,"Região
Nordeste",114.49,NA,10533786,0,57,13950146,4.085978741727864,0
BA,Bahia,2007,"Região
Nordeste",108.2,NA,11799146,0,0,NA,NA,NA
BA,Bahia,2008,"Região
Nordeste",102.05,NA,15776543,0,0,14502563,0,0
BA,Bahia,2009,"Região
Nordeste",108.09,NA,10105377,0,0,14637364,0,0
BA,Bahia,2010,"Região
Nordeste",102.97,NA,11067045,0,0,14016906,0,0
BA,Bahia,2011,"Região
Nordeste",100.29,NA,8118863,0,1,14097534,0.07093439178795384,0
BA,Bahia,2012,"Região
Nordeste",97.88,NA,8243858,0,0,14175341,0,0
BA,Bahia,2013,"Região
Nordeste",109.17,68.48,11075768,0,0,15044137,0,0
BA,Bahia,2014,"Região
Nordeste",114.85,91.52,9339504,0,0,15126371,0,0
BA,Bahia,2015,"Região
Nordeste",90.18,78.54,7795246,0,0,15203334,0,0
BA,Bahia,2016,"Região
Nordeste",85.7,56.24,5822135,0,0,15276566,0,0
BA,Bahia,2017,"Região
Nordeste",79.16,60.47,7755854,0,0,15344447,0,0
BA,Bahia,2018,"Região
Nordeste",82.3,65.06,6320305,0,3,14812617,0.20253004583862527,0
BA,Bahia,2019,"Região
Nordeste",84.65,70.5,6625760,0,80,14873064,5.378851324784187,0
BA,Bahia,2020,"Região
Nordeste",78.48,53.8,6690496,0,7,14930634,0.468834746066376,0
BA,Bahia,2021,"Região
Nordeste",66.3,45.31,4750871,0,0,14985284,0,0
BA,Bahia,2022,"Região
Nordeste",75.87,52.71,5599104,0,0,14141626,0,0
BA,Bahia,2023,"Região
Nordeste",92.08,63.58,NA,0,0,NA,NA,NA
BA,Bahia,2024,"Região
Nordeste",96.31,81.06,NA,0,0,14850513,0,0
BA,Bahia,2025,"Região
Nordeste",89.15,65.11,NA,0,0,14870907,0,0
CE,Ceará,2003,"Região
Nordeste",119.11,NA,6762604,0,0,7758441,0,0
CE,Ceará,2004,"Região
Nordeste",112.89,NA,6896939,0,0,7976563,0,0
CE,Ceará,2005,"Região
Nordeste",110.35,NA,6833339,0,0,8097276,0,0
CE,Ceará,2006,"Região
Nordeste",105.3,NA,5743764,0,0,8217085,0,0
CE,Ceará,2007,"Região
Nordeste",107.88,NA,5970892,0,0,NA,NA,NA
CE,Ceará,2008,"Região
Nordeste",103.02,NA,8385113,0,0,8450528,0,0
CE,Ceará,2009,"Região
Nordeste",105.67,NA,5742554,0,0,8547809,0,0
CE,Ceará,2010,"Região
Nordeste",103.91,NA,5729675,0,0,8452381,0,0
CE,Ceará,2011,"Região
Nordeste",110.92,NA,4511268,0,0,8530155,0,0
CE,Ceará,2012,"Região
Nordeste",97.61,NA,4886493,0,0,8606005,0,0
CE,Ceará,2013,"Região
Nordeste",115.15,68.8,6361667,0,1,8778576,0.11391369169669431,0
CE,Ceará,2014,"Região
Nordeste",140.69,128.34,6094710,0,840,8842791,94.99263298205284,0
CE,Ceará,2015,"Região
Nordeste",110.83,93.98,7319309,0,211,8904459,23.695993209694155,0
CE,Ceará,2016,"Região
Nordeste",119.76,88.7,4740623,0,0,8963663,0,0
CE,Ceará,2017,"Região
Nordeste",100.69,80.42,5084870,0,0,9020460,0,0
CE,Ceará,2018,"Região
Nordeste",111.46,87.14,5080480,0,0,9075649,0,0
CE,Ceará,2019,"Região
Nordeste",103.02,86.7,4167721,0,19,9132078,2.0805779363689183,0
CE,Ceará,2020,"Região
Nordeste",90.3,71,4768763,0,7,9187103,0.7619376859059923,0
CE,Ceará,2021,"Região
Nordeste",74.49,55.18,3909480,0,3,9240580,0.32465494590166416,0
CE,Ceará,2022,"Região
Nordeste",89.01,66.26,4496561,0,0,8794957,0,0
CE,Ceará,2023,"Região
Nordeste",94.89,88.37,NA,0,0,NA,NA,NA
CE,Ceará,2024,"Região
Nordeste",96.81,88.08,NA,0,0,9233656,0,0
CE,Ceará,2025,"Região
Nordeste",88.7,77.87,NA,0,0,9268836,0,0
DF,Distrito Federal,2003,"Região
Centro-Oeste",101.66,NA,1587523,0,0,2189789,0,0
DF,Distrito Federal,2004,"Região
Centro-Oeste",96.7,NA,2038049,0,0,2282049,0,0
DF,Distrito Federal,2005,"Região
Centro-Oeste",101.14,NA,1667729,0,0,2333108,0,0
DF,Distrito Federal,2006,"Região
Centro-Oeste",98.91,NA,1686187,0,0,2383784,0,0
DF,Distrito Federal,2007,"Região
Centro-Oeste",95.26,NA,2039785,0,0,NA,NA,NA
DF,Distrito Federal,2008,"Região
Centro-Oeste",91.52,NA,4220664,0,0,2557159,0,0
DF,Distrito Federal,2009,"Região
Centro-Oeste",95.78,NA,1950235,0,0,2606885,0,0
DF,Distrito Federal,2010,"Região
Centro-Oeste",92.41,NA,2022808,0,0,2570160,0,0
DF,Distrito Federal,2011,"Região
Centro-Oeste",89.52,NA,1492630,0,1,2609998,0.3831420560475525,0
DF,Distrito Federal,2012,"Região
Centro-Oeste",92.85,NA,1747395,0,0,2648532,0,0
DF,Distrito Federal,2013,"Região
Centro-Oeste",105.23,103.87,2494518,0,1,2789761,0.3584536453122687,0
DF,Distrito Federal,2014,"Região
Centro-Oeste",104.91,97.29,1991427,0,0,2852372,0,0
DF,Distrito Federal,2015,"Região
Centro-Oeste",67.58,65.43,1325034,0,0,2914830,0,0
DF,Distrito Federal,2016,"Região
Centro-Oeste",131.75,128.41,2474479,0,0,2977216,0,0
DF,Distrito Federal,2017,"Região
Centro-Oeste",78.5,77.43,1511508,0,0,3039444,0,0
DF,Distrito Federal,2018,"Região
Centro-Oeste",86.32,87.05,1490445,0,1,2974703,0.3361680140840951,0
DF,Distrito Federal,2019,"Região
Centro-Oeste",85.71,86.8,1505824,0,11,3015268,3.6481002683675214,0
DF,Distrito Federal,2020,"Região
Centro-Oeste",79.98,66.37,1607932,0,8,3055149,2.6185302255307352,0
DF,Distrito Federal,2021,"Região
Centro-Oeste",83.21,54.67,1286515,0,0,3094325,0,0
DF,Distrito Federal,2022,"Região
Centro-Oeste",90.23,61.5,1337540,0,0,2817381,0,0
DF,Distrito Federal,2023,"Região
Centro-Oeste",91.6,74.47,NA,0,0,NA,NA,NA
DF,Distrito Federal,2024,"Região
Centro-Oeste",99.71,86.76,NA,0,0,2982818,0,0
DF,Distrito Federal,2025,"Região
Centro-Oeste",92.2,81.02,NA,0,1,2996899,0.3336782454130086,0
ES,Espírito Santo,2003,"Região
Sudeste",126.19,NA,2519385,0,0,3250219,0,0
ES,Espírito Santo,2004,"Região
Sudeste",113.96,NA,3127824,0,0,3352024,0,0
ES,Espírito Santo,2005,"Região
Sudeste",110.12,NA,2394737,0,0,3408365,0,0
ES,Espírito Santo,2006,"Região
Sudeste",109.37,NA,2251597,0,0,3464285,0,0
ES,Espírito Santo,2007,"Região
Sudeste",104.49,NA,2551077,0,0,NA,NA,NA
ES,Espírito Santo,2008,"Região
Sudeste",100.36,NA,3578247,0,0,3453646,0,0
ES,Espírito Santo,2009,"Região
Sudeste",102.47,NA,2380815,0,0,3487199,0,0
ES,Espírito Santo,2010,"Região
Sudeste",99.72,NA,2479152,0,0,3514952,0,0
ES,Espírito Santo,2011,"Região
Sudeste",103.76,NA,1842817,0,0,3547055,0,0
ES,Espírito Santo,2012,"Região
Sudeste",105.07,NA,2090100,0,0,3578067,0,0
ES,Espírito Santo,2013,"Região
Sudeste",106.19,84.89,2751889,0,1,3839366,0.2604596696433734,0
ES,Espírito Santo,2014,"Região
Sudeste",109.44,97.63,2412751,0,0,3885049,0,0
ES,Espírito Santo,2015,"Região
Sudeste",99.04,87.48,2021671,0,0,3929911,0,0
ES,Espírito Santo,2016,"Região
Sudeste",104.31,78.35,1771520,0,0,3973697,0,0
ES,Espírito Santo,2017,"Região
Sudeste",83.79,69.73,4698957,0,0,4016356,0,0
ES,Espírito Santo,2018,"Região
Sudeste",95.47,79.5,2197371,0,0,3972388,0,0
ES,Espírito Santo,2019,"Região
Sudeste",95.01,87.45,2308086,0,4,4018650,0.9953591380189865,0
ES,Espírito Santo,2020,"Região
Sudeste",85.94,69.7,2334692,0,0,4064052,0,0
ES,Espírito Santo,2021,"Região
Sudeste",80.79,64.92,1756976,0,0,4108508,0,0
ES,Espírito Santo,2022,"Região
Sudeste",77.73,64.6,1817764,0,0,3833712,0,0
ES,Espírito Santo,2023,"Região
Sudeste",86.61,77.25,NA,0,0,NA,NA,NA
ES,Espírito Santo,2024,"Região
Sudeste",95.6,80.261,NA,0,0,4102129,0,0
ES,Espírito Santo,2025,"Região
Sudeste",95.06,76.91,NA,0,0,4126854,0,0
GO,Goiás,2003,"Região
Centro-Oeste",109.98,NA,4017037,0,0,5306459,0,0
GO,Goiás,2004,"Região
Centro-Oeste",113.78,NA,4808463,0,0,5508245,0,0
GO,Goiás,2005,"Região
Centro-Oeste",106.42,NA,4254370,0,0,5619917,0,0
GO,Goiás,2006,"Região
Centro-Oeste",109.78,NA,4063785,0,0,5730753,0,0
GO,Goiás,2007,"Região
Centro-Oeste",116.26,NA,13468203,0,0,NA,NA,NA
GO,Goiás,2008,"Região
Centro-Oeste",106.1,NA,9080119,0,0,5844995,0,0
GO,Goiás,2009,"Região
Centro-Oeste",106.9,NA,4309636,0,0,5926300,0,0
GO,Goiás,2010,"Região
Centro-Oeste",106.82,NA,4427644,0,0,6003788,0,0
GO,Goiás,2011,"Região
Centro-Oeste",115.54,NA,3569606,0,0,6080716,0,0
GO,Goiás,2012,"Região
Centro-Oeste",107.68,NA,3797401,0,0,6154996,0,0
GO,Goiás,2013,"Região
Centro-Oeste",117.77,69.95,5142309,0,0,6434048,0,0
GO,Goiás,2014,"Região
Centro-Oeste",122.14,92.25,4078159,0,0,6523222,0,0
GO,Goiás,2015,"Região
Centro-Oeste",94.83,68.14,3666020,0,0,6610681,0,0
GO,Goiás,2016,"Região
Centro-Oeste",85.93,84.19,3021750,0,0,6695855,0,0
GO,Goiás,2017,"Região
Centro-Oeste",80.99,71.86,3349646,0,0,6778772,0,0
GO,Goiás,2018,"Região
Centro-Oeste",87.81,76.76,3163713,0,0,6921161,0,0
GO,Goiás,2019,"Região
Centro-Oeste",88.39,79.68,3050300,0,15,7018354,2.1372532647968456,0
GO,Goiás,2020,"Região
Centro-Oeste",75.36,68.1,3310087,0,2,7113540,0.28115396834768625,0
GO,Goiás,2021,"Região
Centro-Oeste",79.53,48.87,2773098,0,0,7206589,0,0
GO,Goiás,2022,"Região
Centro-Oeste",82.35,52.56,2994780,0,0,7056495,0,0
GO,Goiás,2023,"Região
Centro-Oeste",85.3,49.56,NA,0,0,NA,NA,NA
GO,Goiás,2024,"Região
Centro-Oeste",88.95,69.19,NA,0,0,7350483,0,0
GO,Goiás,2025,"Região
Centro-Oeste",86.12,56.91,NA,0,0,7423629,0,0
MA,Maranhão,2003,"Região
Nordeste",102.32,NA,5733346,0,0,5873655,0,0
MA,Maranhão,2004,"Região
Nordeste",106.3,NA,6333081,0,0,6021504,0,0
MA,Maranhão,2005,"Região
Nordeste",113.67,NA,6226088,0,0,6103327,0,0
MA,Maranhão,2006,"Região
Nordeste",110.54,NA,5590767,0,0,6184538,0,0
MA,Maranhão,2007,"Região
Nordeste",119.71,NA,5878367,0,0,NA,NA,NA
MA,Maranhão,2008,"Região
Nordeste",113.9,NA,9289389,0,0,6305537,0,0
MA,Maranhão,2009,"Região
Nordeste",118.1,NA,5771256,0,0,6367138,0,0
MA,Maranhão,2010,"Região
Nordeste",109.99,NA,6034523,0,0,6574789,0,0
MA,Maranhão,2011,"Região
Nordeste",112.84,NA,4627645,0,0,6645761,0,0
MA,Maranhão,2012,"Região
Nordeste",98.21,NA,4884080,0,0,6714314,0,0
MA,Maranhão,2013,"Região
Nordeste",106.37,46.05,6145679,0,0,6794301,0,0
MA,Maranhão,2014,"Região
Nordeste",123.86,89.25,5019758,0,0,6850884,0,0
MA,Maranhão,2015,"Região
Nordeste",90.47,74.36,4447888,0,0,6904241,0,0
MA,Maranhão,2016,"Região
Nordeste",80.01,47.58,3171415,0,0,6954036,0,0
MA,Maranhão,2017,"Região
Nordeste",76.86,52.56,3911648,0,0,7000229,0,0
MA,Maranhão,2018,"Região
Nordeste",84.04,56.88,3679852,0,0,7035055,0,0
MA,Maranhão,2019,"Região
Nordeste",87.05,65.87,3461396,0,8,7075181,1.1307131223922047,0
MA,Maranhão,2020,"Região
Nordeste",63.4,44.87,3245700,0,17,7114598,2.389453346485634,0
MA,Maranhão,2021,"Região
Nordeste",63.26,39.94,2844714,0,0,7153262,0,0
MA,Maranhão,2022,"Região
Nordeste",73.18,46.94,3058808,0,0,6776699,0,0
MA,Maranhão,2023,"Região
Nordeste",85.02,64.11,NA,0,0,NA,NA,NA
MA,Maranhão,2024,"Região
Nordeste",84.77,60.64,NA,0,0,7010960,0,0
MA,Maranhão,2025,"Região
Nordeste",89.03,70.46,NA,0,0,7018211,0,0
MT,Mato Grosso,2003,"Região
Centro-Oeste",119.49,NA,2750528,0,0,2651335,0,0
MT,Mato Grosso,2004,"Região
Centro-Oeste",98.49,NA,2838013,0,0,2742646,0,0
MT,Mato Grosso,2005,"Região
Centro-Oeste",97.99,NA,2613341,0,0,2803274,0,0
MT,Mato Grosso,2006,"Região
Centro-Oeste",104.28,NA,2251159,0,0,2856999,0,0
MT,Mato Grosso,2007,"Região
Centro-Oeste",106.44,NA,2310543,0,0,NA,NA,NA
MT,Mato Grosso,2008,"Região
Centro-Oeste",92.66,NA,4495323,0,0,2957735,0,0
MT,Mato Grosso,2009,"Região
Centro-Oeste",102.13,NA,2360651,0,0,3001692,0,0
MT,Mato Grosso,2010,"Região
Centro-Oeste",100.22,NA,2297488,0,0,3035122,0,0
MT,Mato Grosso,2011,"Região
Centro-Oeste",96.29,NA,1837468,0,0,3075936,0,0
MT,Mato Grosso,2012,"Região
Centro-Oeste",100.76,NA,1981533,0,0,3115336,0,0
MT,Mato Grosso,2013,"Região
Centro-Oeste",113.91,44.68,2710688,0,0,3182113,0,0
MT,Mato Grosso,2014,"Região
Centro-Oeste",143.76,115.08,2501901,0,0,3224357,0,0
MT,Mato Grosso,2015,"Região
Centro-Oeste",112.53,80.03,2204475,0,0,3265486,0,0
MT,Mato Grosso,2016,"Região
Centro-Oeste",100.98,94.3,1961731,0,0,3305531,0,0
MT,Mato Grosso,2017,"Região
Centro-Oeste",91.18,74.94,2132032,0,0,3344544,0,0
MT,Mato Grosso,2018,"Região
Centro-Oeste",104.53,97.62,1997405,0,0,3441998,0,0
MT,Mato Grosso,2019,"Região
Centro-Oeste",104.88,92.21,1933861,0,0,3484466,0,0
MT,Mato Grosso,2020,"Região
Centro-Oeste",79.67,66.38,2069392,0,1,3526220,0.28358979303616905,0
MT,Mato Grosso,2021,"Região
Centro-Oeste",80.88,37.4,1801615,0,0,3567234,0,0
MT,Mato Grosso,2022,"Região
Centro-Oeste",87.06,49.56,2052084,0,0,3658649,0,0
MT,Mato Grosso,2023,"Região
Centro-Oeste",91.01,47.84,NA,0,0,NA,NA,NA
MT,Mato Grosso,2024,"Região
Centro-Oeste",95.62,92.19,NA,0,0,3836399,0,0
MT,Mato Grosso,2025,"Região
Centro-Oeste",90.16,73.73,NA,0,0,3893659,0,0
MS,Mato Grosso do Sul,2003,"Região
Centro-Oeste",120.92,NA,2104758,0,0,2169688,0,0
MS,Mato Grosso do Sul,2004,"Região
Centro-Oeste",110.41,NA,2132979,0,0,2227794,0,0
MS,Mato Grosso do Sul,2005,"Região
Centro-Oeste",109.58,NA,1802468,0,0,2264468,0,0
MS,Mato Grosso do Sul,2006,"Região
Centro-Oeste",109.83,NA,1797501,0,0,2297981,0,0
MS,Mato Grosso do Sul,2007,"Região
Centro-Oeste",114.8,NA,2040645,0,0,NA,NA,NA
MS,Mato Grosso do Sul,2008,"Região
Centro-Oeste",100.37,NA,3609724,0,0,2336060,0,0
MS,Mato Grosso do Sul,2009,"Região
Centro-Oeste",104.65,NA,2001541,0,0,2360498,0,0
MS,Mato Grosso do Sul,2010,"Região
Centro-Oeste",97.7,NA,1977104,0,0,2449024,0,0
MS,Mato Grosso do Sul,2011,"Região
Centro-Oeste",98.48,NA,1665741,0,1,2477542,0.40362585175145366,0
MS,Mato Grosso do Sul,2012,"Região
Centro-Oeste",99.32,NA,1815180,0,0,2500365,0,0
MS,Mato Grosso do Sul,2013,"Região
Centro-Oeste",107.76,59.2,2242512,0,0,2587269,0,0
MS,Mato Grosso do Sul,2014,"Região
Centro-Oeste",120.66,100.71,2439457,0,0,2619657,0,0
MS,Mato Grosso do Sul,2015,"Região
Centro-Oeste",98.71,80.55,1987297,0,0,2651235,0,0
MS,Mato Grosso do Sul,2016,"Região
Centro-Oeste",96.68,85.08,1613528,0,0,2682386,0,0
MS,Mato Grosso do Sul,2017,"Região
Centro-Oeste",85.25,71.24,1730643,0,0,2713147,0,0
MS,Mato Grosso do Sul,2018,"Região
Centro-Oeste",89.77,79.53,1701420,0,0,2748023,0,0
MS,Mato Grosso do Sul,2019,"Região
Centro-Oeste",89.91,83.71,1691350,0,2,2778986,0.719686964957722,0
MS,Mato Grosso do Sul,2020,"Região
Centro-Oeste",82.13,69.97,1518495,0,10,2809394,3.559486494240395,0
MS,Mato Grosso do Sul,2021,"Região
Centro-Oeste",78.12,67.23,1198254,0,0,2839188,0,0
MS,Mato Grosso do Sul,2022,"Região
Centro-Oeste",91.83,68.27,1421320,0,0,2757013,0,0
MS,Mato Grosso do Sul,2023,"Região
Centro-Oeste",98.98,76.61,NA,0,0,NA,NA,NA
MS,Mato Grosso do Sul,2024,"Região
Centro-Oeste",103.65,89.62,NA,0,0,2901895,0,0
MS,Mato Grosso do Sul,2025,"Região
Centro-Oeste",89.04,80.65,NA,0,0,2924631,0,0
MG,Minas Gerais,2003,"Região
Sudeste",103.62,NA,15315432,0,0,18553312,0,0
MG,Minas Gerais,2004,"Região
Sudeste",115.2,NA,16032306,0,0,18993720,0,0
MG,Minas Gerais,2005,"Região
Sudeste",107.46,NA,13513180,0,0,19237450,0,0
MG,Minas Gerais,2006,"Região
Sudeste",105.77,NA,13881680,0,0,19479356,0,0
MG,Minas Gerais,2007,"Região
Sudeste",109.28,NA,13793718,0,0,NA,NA,NA
MG,Minas Gerais,2008,"Região
Sudeste",98.69,NA,23598697,0,0,19850060,0,0
MG,Minas Gerais,2009,"Região
Sudeste",105.45,NA,13681203,0,0,20033665,0,0
MG,Minas Gerais,2010,"Região
Sudeste",99.72,NA,14319767,0,0,19597330,0,0
MG,Minas Gerais,2011,"Região
Sudeste",100.8,NA,10590033,0,1,19728701,0.05068757441252721,0
MG,Minas Gerais,2012,"Região
Sudeste",104.88,NA,11266752,0,0,19855332,0,0
MG,Minas Gerais,2013,"Região
Sudeste",108.25,83.49,15247843,0,2,20593356,0.09711870177935059,0
MG,Minas Gerais,2014,"Região
Sudeste",109.22,87.72,11793232,0,0,20734097,0,0
MG,Minas Gerais,2015,"Região
Sudeste",100.11,71.87,10605475,0,0,20869101,0,0
MG,Minas Gerais,2016,"Região
Sudeste",98.93,88.38,9038601,0,0,20997560,0,0
MG,Minas Gerais,2017,"Região
Sudeste",89.27,82.33,14904258,0,0,21119536,0,0
MG,Minas Gerais,2018,"Região
Sudeste",97.52,85.03,12356184,0,0,21040662,0,0
MG,Minas Gerais,2019,"Região
Sudeste",96.97,87.58,10384759,0,158,21168791,7.463817843919381,0
MG,Minas Gerais,2020,"Região
Sudeste",92.28,75.82,11195995,0,22,21292666,1.0332196071642696,0
MG,Minas Gerais,2021,"Região
Sudeste",82.25,41.97,7809875,0,0,21411923,0,0
MG,Minas Gerais,2022,"Região
Sudeste",87.11,46.07,8583309,0,0,20539989,0,0
MG,Minas Gerais,2023,"Região
Sudeste",91.65,58.9,NA,0,0,NA,NA,NA
MG,Minas Gerais,2024,"Região
Sudeste",101.73,84.37,NA,0,1,21322691,0.046898395704369586,0
MG,Minas Gerais,2025,"Região
Sudeste",93.06,69.52,NA,0,0,21393441,0,0
PA,Pará,2003,"Região
Norte",124.98,NA,8499530,0,0,6574993,0,0
PA,Pará,2004,"Região
Norte",143.1,NA,8007790,0,0,6850181,0,0
PA,Pará,2005,"Região
Norte",116.35,NA,7282589,0,0,6970586,0,0
PA,Pará,2006,"Região
Norte",113.05,NA,6687098,0,0,7110465,0,0
PA,Pará,2007,"Região
Norte",118.49,NA,6719441,0,0,NA,NA,NA
PA,Pará,2008,"Região
Norte",111.83,NA,9321054,0,0,7321490,0,0
PA,Pará,2009,"Região
Norte",117.62,NA,6708840,0,0,7431020,0,0
PA,Pará,2010,"Região
Norte",110.95,NA,5897076,0,3,7581051,0.3957234953306606,0
PA,Pará,2011,"Região
Norte",109.25,NA,4917110,0,0,7688593,0,0
PA,Pará,2012,"Região
Norte",102.2,NA,5382295,0,0,7777543,0,0
PA,Pará,2013,"Região
Norte",98.49,34.76,6611561,0,0,7969654,0,0
PA,Pará,2014,"Região
Norte",115.73,65.35,4981635,0,0,8073924,0,0
PA,Pará,2015,"Região
Norte",71.92,45.78,3790026,0,0,8175113,0,0
PA,Pará,2016,"Região
Norte",69.61,62.34,3259020,0,0,8272724,0,0
PA,Pará,2017,"Região
Norte",67.51,54.16,4082027,0,0,8366628,0,0
PA,Pará,2018,"Região
Norte",77.3,59.97,3688841,2,84,8513497,9.866685804904847,0.23492109059297256
PA,Pará,2019,"Região
Norte",82.81,71.34,4166115,1,429,8602865,49.867108224992485,0.116240345512803
PA,Pará,2020,"Região
Norte",61.62,54.05,4247760,8,4844,8690745,557.3745403875042,0.9205194721511217
PA,Pará,2021,"Região
Norte",62.71,27.72,3389789,0,111,8777124,12.646511545239647,0
PA,Pará,2022,"Região
Norte",67.46,30.19,3728581,0,1,8120131,0.12315072256839205,0
PA,Pará,2023,"Região
Norte",77.1,38.73,NA,0,0,NA,NA,NA
PA,Pará,2024,"Região
Norte",86.48,61.31,NA,0,0,8664306,0,0
PA,Pará,2025,"Região
Norte",88.83,66.57,NA,0,0,8711196,0,0
PB,Paraíba,2003,"Região
Nordeste",108.34,NA,3026344,0,0,3518595,0,0
PB,Paraíba,2004,"Região
Nordeste",114.45,NA,3017262,0,0,3568350,0,0
PB,Paraíba,2005,"Região
Nordeste",107.3,NA,2641995,0,0,3595886,0,0
PB,Paraíba,2006,"Região
Nordeste",112.97,NA,2485611,1,0,3623215,0,0.2759979741748696
PB,Paraíba,2007,"Região
Nordeste",116.26,NA,2839245,0,0,NA,NA,NA
PB,Paraíba,2008,"Região
Nordeste",102.5,NA,3708407,0,0,3742604,0,0
PB,Paraíba,2009,"Região
Nordeste",104.4,NA,3059171,0,0,3769977,0,0
PB,Paraíba,2010,"Região
Nordeste",119.28,NA,2855429,0,57,3766528,15.133300482566439,0
PB,Paraíba,2011,"Região
Nordeste",102.34,NA,1908913,0,0,3791315,0,0
PB,Paraíba,2012,"Região
Nordeste",92.72,NA,1941759,0,0,3815171,0,0
PB,Paraíba,2013,"Região
Nordeste",114.64,60.95,2807792,0,9,3914421,2.299190608266203,0
PB,Paraíba,2014,"Região
Nordeste",120.35,86.96,2127967,0,0,3943885,0,0
PB,Paraíba,2015,"Região
Nordeste",93.67,64.46,1831954,0,0,3972202,0,0
PB,Paraíba,2016,"Região
Nordeste",96.59,56.66,1515767,0,0,3999415,0,0
PB,Paraíba,2017,"Região
Nordeste",90.9,67.93,1796561,0,0,4025558,0,0
PB,Paraíba,2018,"Região
Nordeste",96.73,72.18,1856279,0,0,3996496,0,0
PB,Paraíba,2019,"Região
Nordeste",105.74,87.79,2026712,0,66,4018127,16.425563452822672,0
PB,Paraíba,2020,"Região
Nordeste",78.87,53.25,1744020,0,0,4039277,0,0
PB,Paraíba,2021,"Região
Nordeste",70.92,44.24,1632289,0,0,4059905,0,0
PB,Paraíba,2022,"Região
Nordeste",78.45,53.09,1715404,0,0,3974687,0,0
PB,Paraíba,2023,"Região
Nordeste",89.3,71.75,NA,0,0,NA,NA,NA
PB,Paraíba,2024,"Região
Nordeste",89.72,67.5,NA,0,0,4145040,0,0
PB,Paraíba,2025,"Região
Nordeste",88.83,66.57,NA,0,0,4164468,0,0
PR,Paraná,2003,"Região
Sul",107.13,NA,6608905,0,0,9906866,0,0
PR,Paraná,2004,"Região
Sul",93.89,NA,8072265,0,0,10135388,0,0
PR,Paraná,2005,"Região
Sul",99.78,NA,7470901,0,0,10261856,0,0
PR,Paraná,2006,"Região
Sul",101.21,NA,6564773,0,0,10387378,0,0
PR,Paraná,2007,"Região
Sul",103.17,NA,6753815,0,0,NA,NA,NA
PR,Paraná,2008,"Região
Sul",94.48,NA,11414781,0,0,10590171,0,0
PR,Paraná,2009,"Região
Sul",100.19,NA,7219363,0,0,10686247,0,0
PR,Paraná,2010,"Região
Sul",95.64,NA,7492683,0,0,10444526,0,0
PR,Paraná,2011,"Região
Sul",98.59,NA,5769367,0,0,10512349,0,0
PR,Paraná,2012,"Região
Sul",99.94,NA,6532860,0,0,10577755,0,0
PR,Paraná,2013,"Região
Sul",110.21,77.16,8627542,0,0,10997465,0,0
PR,Paraná,2014,"Região
Sul",113.35,93.09,6789581,0,0,11081692,0,0
PR,Paraná,2015,"Região
Sul",99.44,78.91,5960386,0,0,11163018,0,0
PR,Paraná,2016,"Região
Sul",91.87,91.29,4945994,0,0,11242720,0,0
PR,Paraná,2017,"Região
Sul",88.13,84.3,5314135,0,0,11320892,0,0
PR,Paraná,2018,"Região
Sul",89.78,86.23,6468464,0,0,11348937,0,0
PR,Paraná,2019,"Região
Sul",91.99,90.67,7418394,0,1599,11433957,139.8465990382857,0
PR,Paraná,2020,"Região
Sul",85.02,79.92,6759485,0,377,11516840,32.73467374731263,0
PR,Paraná,2021,"Região
Sul",86.54,48.76,5078853,0,0,11597484,0,0
PR,Paraná,2022,"Região
Sul",90.1,53.23,5305246,0,0,11444380,0,0
PR,Paraná,2023,"Região
Sul",98.35,72.34,NA,0,0,NA,NA,NA
PR,Paraná,2024,"Região
Sul",102.23,87.59,NA,0,0,11824665,0,0
PR,Paraná,2025,"Região
Sul",93.17,80.26,NA,0,0,11890517,0,0
PE,Pernambuco,2003,"Região
Nordeste",119.59,NA,6829469,0,0,8161862,0,0
PE,Pernambuco,2004,"Região
Nordeste",113.7,NA,7702402,0,0,8323911,0,0
PE,Pernambuco,2005,"Região
Nordeste",109.15,NA,6836125,0,0,8413593,0,0
PE,Pernambuco,2006,"Região
Nordeste",110.07,NA,6062343,0,0,8502603,0,0
PE,Pernambuco,2007,"Região
Nordeste",113.35,NA,6803916,0,0,NA,NA,NA
PE,Pernambuco,2008,"Região
Nordeste",105.71,NA,8794865,0,0,8734196,0,0
PE,Pernambuco,2009,"Região
Nordeste",111.23,NA,6490968,0,0,8810256,0,0
PE,Pernambuco,2010,"Região
Nordeste",104.79,NA,6204537,0,0,8796448,0,0
PE,Pernambuco,2011,"Região
Nordeste",113.67,NA,5006324,0,0,8864906,0,0
PE,Pernambuco,2012,"Região
Nordeste",104.59,NA,5306444,0,1,8931028,0.11196919324404761,0
PE,Pernambuco,2013,"Região
Nordeste",120.77,65.42,7004080,1,200,9208550,21.718945979551613,0.10859472989775806
PE,Pernambuco,2014,"Região
Nordeste",108.46,92.83,6183475,0,26,9277727,2.8024105473247922,0
PE,Pernambuco,2015,"Região
Nordeste",97.81,87.36,5844386,0,0,9345173,0,0
PE,Pernambuco,2016,"Região
Nordeste",112.65,68.22,4518660,0,0,9410336,0,0
PE,Pernambuco,2017,"Região
Nordeste",96.39,67.66,4713058,0,0,9473266,0,0
PE,Pernambuco,2018,"Região
Nordeste",104.72,69.54,4802844,0,4,9496294,0.4212169505282798,0
PE,Pernambuco,2019,"Região
Nordeste",101,81.45,4905044,1,344,9557071,35.994291556482104,0.10463456847814566
PE,Pernambuco,2020,"Região
Nordeste",78.01,52.27,5302451,0,38,9616621,3.9514919013653547,0
PE,Pernambuco,2021,"Região
Nordeste",72.02,67.36,3619441,0,0,9674793,0,0
PE,Pernambuco,2022,"Região
Nordeste",80.34,68.59,3876788,0,0,9058931,0,0
PE,Pernambuco,2023,"Região
Nordeste",89.66,73.56,NA,0,0,NA,NA,NA
PE,Pernambuco,2024,"Região
Nordeste",91.17,89.7,NA,0,0,9539029,0,0
PE,Pernambuco,2025,"Região
Nordeste",88.86,82.45,NA,0,0,9562007,0,0
PI,Piauí,2003,"Região
Nordeste",111.58,NA,2839842,0,0,2923725,0,0
PI,Piauí,2004,"Região
Nordeste",116.01,NA,2969338,0,0,2974698,0,0
PI,Piauí,2005,"Região
Nordeste",102.5,NA,2484160,0,0,3006885,0,0
PI,Piauí,2006,"Região
Nordeste",104.9,NA,2305195,0,0,3036290,0,0
PI,Piauí,2007,"Região
Nordeste",107.07,NA,2560669,0,0,NA,NA,NA
PI,Piauí,2008,"Região
Nordeste",100.9,NA,3307770,0,0,3111881,0,0
PI,Piauí,2009,"Região
Nordeste",102.35,NA,2237250,0,0,3145325,0,0
PI,Piauí,2010,"Região
Nordeste",97.7,NA,2105171,0,0,3118360,0,0
PI,Piauí,2011,"Região
Nordeste",97.02,NA,1763128,0,1,3140328,0.31843807398462837,0
PI,Piauí,2012,"Região
Nordeste",98.33,NA,1879596,0,0,3160748,0,0
PI,Piauí,2013,"Região
Nordeste",102.35,76.17,2427857,0,0,3184166,0,0
PI,Piauí,2014,"Região
Nordeste",93.1,73.51,1787064,0,0,3194718,0,0
PI,Piauí,2015,"Região
Nordeste",81.22,62.91,1665126,0,0,3204028,0,0
PI,Piauí,2016,"Região
Nordeste",81.48,60.91,1452571,0,0,3212180,0,0
PI,Piauí,2017,"Região
Nordeste",77.82,58.64,1506500,0,0,3219257,0,0
PI,Piauí,2018,"Região
Nordeste",87.79,69.17,1544663,0,0,3264531,0,0
PI,Piauí,2019,"Região
Nordeste",89.01,74.48,1550377,0,3,3273227,0.9165267181286235,0
PI,Piauí,2020,"Região
Nordeste",76.79,51.29,1601249,0,0,3281480,0,0
PI,Piauí,2021,"Região
Nordeste",74.99,44.95,1318529,0,0,3289290,0,0
PI,Piauí,2022,"Região
Nordeste",82.84,51.17,1516928,0,0,3271199,0,0
PI,Piauí,2023,"Região
Nordeste",95.63,63.06,NA,0,0,NA,NA,NA
PI,Piauí,2024,"Região
Nordeste",98.29,69.11,NA,0,0,3375646,0,0
PI,Piauí,2025,"Região
Nordeste",96.81,67.24,NA,0,0,3384547,0,0
RJ,Rio de Janeiro,2003,"Região
Sudeste",114.46,NA,9446515,0,0,14879118,0,0
RJ,Rio de Janeiro,2004,"Região
Sudeste",105.97,NA,11044164,0,0,15203750,0,0
RJ,Rio de Janeiro,2005,"Região
Sudeste",107.75,NA,10226834,0,0,15383407,0,0
RJ,Rio de Janeiro,2006,"Região
Sudeste",102.12,NA,9674696,0,0,15561720,0,0
RJ,Rio de Janeiro,2007,"Região
Sudeste",100.54,NA,11768473,0,0,NA,NA,NA
RJ,Rio de Janeiro,2008,"Região
Sudeste",95.46,NA,16317715,0,0,15872362,0,0
RJ,Rio de Janeiro,2009,"Região
Sudeste",96.69,NA,9925477,0,0,16010429,0,0
RJ,Rio de Janeiro,2010,"Região
Sudeste",94.98,NA,9430845,0,0,15989929,0,0
RJ,Rio de Janeiro,2011,"Região
Sudeste",107.16,NA,7342544,0,4,16112678,0.24825171830529974,0
RJ,Rio de Janeiro,2012,"Região
Sudeste",97.18,NA,7889222,0,0,16231365,0,0
RJ,Rio de Janeiro,2013,"Região
Sudeste",108.16,67.04,11340812,0,0,16369179,0,0
RJ,Rio de Janeiro,2014,"Região
Sudeste",112.48,96.45,9337889,0,3,16461173,0.18224703670874487,0
RJ,Rio de Janeiro,2015,"Região
Sudeste",105.42,89.41,8460853,0,0,16550024,0,0
RJ,Rio de Janeiro,2016,"Região
Sudeste",109.26,72.17,7293705,0,0,16635996,0,0
RJ,Rio de Janeiro,2017,"Região
Sudeste",94.29,67.96,13641225,0,0,16718956,0,0
RJ,Rio de Janeiro,2018,"Região
Sudeste",99.66,70.18,9931002,0,20,17159960,1.1655038822934318,0
RJ,Rio de Janeiro,2019,"Região
Sudeste",96.58,77.24,6271891,0,463,17264943,26.81734889017589,0
RJ,Rio de Janeiro,2020,"Região
Sudeste",59.74,38.58,6152662,1,1358,17366189,78.19792816950225,0.05758315770950092
RJ,Rio de Janeiro,2021,"Região
Sudeste",59.48,40.31,4604484,0,3,17463349,0.1717883551431057,0
RJ,Rio de Janeiro,2022,"Região
Sudeste",66.74,50.49,4972343,0,2,16055174,0.12457043442817872,0
RJ,Rio de Janeiro,2023,"Região
Sudeste",76.36,60.76,NA,0,0,NA,NA,NA
RJ,Rio de Janeiro,2024,"Região
Sudeste",87.29,68.72,NA,0,1,17219679,0.05807309183870385,0
RJ,Rio de Janeiro,2025,"Região
Sudeste",88.94,66.08,NA,0,2,17223547,0.11612010000030772,0
RN,Rio Grande do Norte,2003,"Região
Nordeste",116.8,NA,2208708,0,0,2888058,0,0
RN,Rio Grande do Norte,2004,"Região
Nordeste",110.2,NA,2389181,0,0,2962107,0,0
RN,Rio Grande do Norte,2005,"Região
Nordeste",100.34,NA,2027599,0,0,3003087,0,0
RN,Rio Grande do Norte,2006,"Região
Nordeste",107.58,NA,1841680,0,0,3043760,0,0
RN,Rio Grande do Norte,2007,"Região
Nordeste",107.25,NA,1897928,0,0,NA,NA,NA
RN,Rio Grande do Norte,2008,"Região
Nordeste",94.73,NA,3325988,0,0,3106436,0,0
RN,Rio Grande do Norte,2009,"Região
Nordeste",101.01,NA,2069041,0,0,3137541,0,0
RN,Rio Grande do Norte,2010,"Região
Nordeste",100.72,NA,2142137,0,0,3168027,0,0
RN,Rio Grande do Norte,2011,"Região
Nordeste",99.47,NA,1605922,0,0,3198657,0,0
RN,Rio Grande do Norte,2012,"Região
Nordeste",98.69,NA,1770452,0,0,3228198,0,0
RN,Rio Grande do Norte,2013,"Região
Nordeste",113.05,64.12,2374659,0,0,3373959,0,0
RN,Rio Grande do Norte,2014,"Região
Nordeste",110.26,91.11,1908641,0,0,3408510,0,0
RN,Rio Grande do Norte,2015,"Região
Nordeste",94.98,79.89,1672868,0,0,3442175,0,0
RN,Rio Grande do Norte,2016,"Região
Nordeste",96.05,50.44,1281294,0,0,3474998,0,0
RN,Rio Grande do Norte,2017,"Região
Nordeste",75.55,50.7,1263510,0,0,3507003,0,0
RN,Rio Grande do Norte,2018,"Região
Nordeste",88.7,64.49,1398825,0,0,3479010,0,0
RN,Rio Grande do Norte,2019,"Região
Nordeste",93.73,74.4,1442442,0,9,3506853,2.5664035532712663,0
RN,Rio Grande do Norte,2020,"Região
Nordeste",77.5,54.1,1472729,0,0,3534165,0,0
RN,Rio Grande do Norte,2021,"Região
Nordeste",72.58,45.1,1173483,0,0,3560903,0,0
RN,Rio Grande do Norte,2022,"Região
Nordeste",79.86,46.5,1558648,0,0,3302729,0,0
RN,Rio Grande do Norte,2023,"Região
Nordeste",89.45,67.33,NA,0,0,NA,NA,NA
RN,Rio Grande do Norte,2024,"Região
Nordeste",94.49,72.16,NA,0,0,3446071,0,0
RN,Rio Grande do Norte,2025,"Região
Nordeste",83.39,72.76,NA,0,0,3455236,0,0
RS,Rio Grande do Sul,2003,"Região
Sul",110.93,NA,6588661,0,0,10510992,0,0
RS,Rio Grande do Sul,2004,"Região
Sul",100.61,NA,8219157,0,0,10726063,0,0
RS,Rio Grande do Sul,2005,"Região
Sul",101.4,NA,6625932,0,0,10845087,0,0
RS,Rio Grande do Sul,2006,"Região
Sul",101.05,NA,6178601,0,0,10963219,0,0
RS,Rio Grande do Sul,2007,"Região
Sul",104.53,NA,6599623,0,0,NA,NA,NA
RS,Rio Grande do Sul,2008,"Região
Sul",95.32,NA,9658675,0,0,10855228,0,0
RS,Rio Grande do Sul,2009,"Região
Sul",95.32,NA,9886705,0,0,10914128,0,0
RS,Rio Grande do Sul,2010,"Região
Sul",93.63,NA,6158764,0,8,10693929,0.7480880039506528,0
RS,Rio Grande do Sul,2011,"Região
Sul",93.87,NA,5006089,0,7,10733030,0.6521923445662595,0
RS,Rio Grande do Sul,2012,"Região
Sul",91.61,NA,5738690,0,0,10768025,0,0
RS,Rio Grande do Sul,2013,"Região
Sul",105.65,75.29,7801406,0,0,11164043,0,0
RS,Rio Grande do Sul,2014,"Região
Sul",107.74,90.12,5635021,0,0,11207274,0,0
RS,Rio Grande do Sul,2015,"Região
Sul",87.81,69.36,4758726,0,0,11247972,0,0
RS,Rio Grande do Sul,2016,"Região
Sul",90.45,86.47,4225560,0,0,11286500,0,0
RS,Rio Grande do Sul,2017,"Região
Sul",83.34,75.72,4507448,0,0,11322895,0,0
RS,Rio Grande do Sul,2018,"Região
Sul",88.72,83.11,4632095,0,47,11329605,4.148423532859266,0
RS,Rio Grande do Sul,2019,"Região
Sul",91.23,87.6,4789522,0,100,11377239,8.789478712717559,0
RS,Rio Grande do Sul,2020,"Região
Sul",84.75,77.37,5170011,0,37,11422973,3.2390867071120626,0
RS,Rio Grande do Sul,2021,"Região
Sul",79.88,35.51,3895138,0,0,11466630,0,0
RS,Rio Grande do Sul,2022,"Região
Sul",88.48,38.11,4424631,0,0,10882965,0,0
RS,Rio Grande do Sul,2023,"Região
Sul",96.27,51.82,NA,0,0,NA,NA,NA
RS,Rio Grande do Sul,2024,"Região
Sul",99.04,72.06,NA,0,1,11229915,0.0890478690177085,0
RS,Rio Grande do Sul,2025,"Região
Sul",92.51,68.92,NA,0,1,11233263,0.08902132888725209,0
RO,Rondônia,2003,"Região
Norte",115.24,NA,1240459,0,0,1455907,0,0
RO,Rondônia,2004,"Região
Norte",130.63,NA,1426595,0,0,1562085,0,0
RO,Rondônia,2005,"Região
Norte",115.99,NA,1340974,0,0,1534594,0,0
RO,Rondônia,2006,"Região
Norte",125.36,NA,1238455,0,0,1562417,0,0
RO,Rondônia,2007,"Região
Norte",116.7,NA,1215765,0,0,NA,NA,NA
RO,Rondônia,2008,"Região
Norte",103.49,NA,1994004,0,0,1493565,0,0
RO,Rondônia,2009,"Região
Norte",102.29,NA,1324593,0,0,1503928,0,0
RO,Rondônia,2010,"Região
Norte",100.41,NA,1285531,0,0,1562409,0,0
RO,Rondônia,2011,"Região
Norte",102.72,NA,1046289,0,0,1576455,0,0
RO,Rondônia,2012,"Região
Norte",105.4,NA,1132627,0,0,1590011,0,0
RO,Rondônia,2013,"Região
Norte",106.52,74.56,1475687,0,0,1728214,0,0
RO,Rondônia,2014,"Região
Norte",146.88,112.73,1317443,0,0,1748531,0,0
RO,Rondônia,2015,"Região
Norte",109,94.61,1210346,0,0,1768204,0,0
RO,Rondônia,2016,"Região
Norte",109.79,94.32,1068443,0,0,1787279,0,0
RO,Rondônia,2017,"Região
Norte",103.01,81.58,1040486,0,0,1805788,0,0
RO,Rondônia,2018,"Região
Norte",101.65,78.87,1042453,0,2,1757589,1.137922460825597,0
RO,Rondônia,2019,"Região
Norte",106.42,82.25,96585,0,0,1777225,0,0
RO,Rondônia,2020,"Região
Norte",83.27,63.67,976011,0,6,1796460,3.3399018068868775,0
RO,Rondônia,2021,"Região
Norte",82.54,56.03,772969,0,0,1815278,0,0
RO,Rondônia,2022,"Região
Norte",89.16,62.59,882411,0,0,1581196,0,0
RO,Rondônia,2023,"Região
Norte",99.89,70.97,NA,0,0,NA,NA,NA
RO,Rondônia,2024,"Região
Norte",101.93,86.31,NA,0,0,1746227,0,0
RO,Rondônia,2025,"Região
Norte",92.41,78.16,NA,0,0,1751950,0,0
RR,Roraima,2003,"Região
Norte",110.22,NA,496589,0,0,357302,0,0
RR,Roraima,2004,"Região
Norte",110.32,NA,507098,0,0,381896,0,0
RR,Roraima,2005,"Região
Norte",116.01,NA,583352,0,0,391317,0,0
RR,Roraima,2006,"Região
Norte",94.23,NA,521363,0,0,403344,0,0
RR,Roraima,2007,"Região
Norte",97.31,NA,55551,0,0,NA,NA,NA
RR,Roraima,2008,"Região
Norte",95.51,NA,70257,0,0,412783,0,0
RR,Roraima,2009,"Região
Norte",100.61,NA,510003,0,0,421499,0,0
RR,Roraima,2010,"Região
Norte",94.49,NA,467047,0,0,450479,0,0
RR,Roraima,2011,"Região
Norte",97.98,NA,390022,0,0,460165,0,0
RR,Roraima,2012,"Região
Norte",87.83,NA,38859,0,0,469524,0,0
RR,Roraima,2013,"Região
Norte",89.07,23.02,496372,0,0,488072,0,0
RR,Roraima,2014,"Região
Norte",110.16,89.67,488571,0,0,496936,0,0
RR,Roraima,2015,"Região
Norte",108.45,92.42,517445,0,1,505665,1.9775938615486537,0
RR,Roraima,2016,"Região
Norte",90.77,83.5,448371,0,0,514229,0,0
RR,Roraima,2017,"Região
Norte",86.53,86.27,564293,0,0,522636,0,0
RR,Roraima,2018,"Região
Norte",99.32,88.27,76403,4,368,576568,638.2594941099749,6.9376031968475536
RR,Roraima,2019,"Região
Norte",81.21,86.72,632659,0,1,605761,1.6508160809296075,0
RR,Roraima,2020,"Região
Norte",68.83,64.72,445408,0,0,631181,0,0
RR,Roraima,2021,"Região
Norte",67.31,42.14,456945,0,0,652713,0,0
RR,Roraima,2022,"Região
Norte",66.95,48.34,611508,0,0,636707,0,0
RR,Roraima,2023,"Região
Norte",83.31,60.75,NA,0,0,NA,NA,NA
RR,Roraima,2024,"Região
Norte",99.44,90.85,NA,0,0,716793,0,0
RR,Roraima,2025,"Região
Norte",94.08,80.8,NA,0,0,738772,0,0
SC,Santa Catarina,2003,"Região
Sul",115.37,NA,3549033,0,2,5607233,0.35668216391221835,0
SC,Santa Catarina,2004,"Região
Sul",97.79,NA,4250344,0,0,5774178,0,0
SC,Santa Catarina,2005,"Região
Sul",101.01,NA,3640164,0,4,5866568,0.681829648953187,0
SC,Santa Catarina,2006,"Região
Sul",100.38,NA,3462701,0,0,5958266,0,0
SC,Santa Catarina,2007,"Região
Sul",102.4,NA,3637272,0,0,NA,NA,NA
SC,Santa Catarina,2008,"Região
Sul",96.43,NA,5821191,0,0,6052587,0,0
SC,Santa Catarina,2009,"Região
Sul",103.11,NA,4095704,0,0,6118743,0,0
SC,Santa Catarina,2010,"Região
Sul",101.3,NA,4264007,0,0,6248436,0,0
SC,Santa Catarina,2011,"Região
Sul",99.79,NA,3507857,0,0,6317054,0,0
SC,Santa Catarina,2012,"Região
Sul",100.35,NA,3992983,0,0,6362734,0,0
SC,Santa Catarina,2013,"Região
Sul",104.61,71.69,5233155,0,1,6634254,0.1507328480338558,0
SC,Santa Catarina,2014,"Região
Sul",112.2,93.38,4857239,0,0,6727148,0,0
SC,Santa Catarina,2015,"Região
Sul",103.42,83.72,4138296,0,0,6819190,0,0
SC,Santa Catarina,2016,"Região
Sul",98.97,98.38,3493106,0,0,6910553,0,0
SC,Santa Catarina,2017,"Região
Sul",91.81,81.42,3318145,0,0,7001161,0,0
SC,Santa Catarina,2018,"Região
Sul",92.12,83.42,4165092,0,0,7075494,0,0
SC,Santa Catarina,2019,"Região
Sul",95.82,93.34,5912015,0,297,7164788,41.452726863655975,0
SC,Santa Catarina,2020,"Região
Sul",86.35,84.6,4372245,0,107,7252502,14.753529195855444,0
SC,Santa Catarina,2021,"Região
Sul",87.52,69.61,3441597,0,0,7338473,0,0
SC,Santa Catarina,2022,"Região
Sul",94.94,72.35,3940544,0,0,7610361,0,0
SC,Santa Catarina,2023,"Região
Sul",97.65,74.86,NA,0,0,NA,NA,NA
SC,Santa Catarina,2024,"Região
Sul",98.63,80.05,NA,0,0,8058441,0,0
SC,Santa Catarina,2025,"Região
Sul",92.52,74,NA,0,0,8187029,0,0
SP,São Paulo,2003,"Região
Sudeste",119.88,NA,27201692,1,0,38709320,0,0.025833571863313535
SP,São Paulo,2004,"Região
Sudeste",104.3,NA,32467605,1,0,39825226,0,0.025109713125042905
SP,São Paulo,2005,"Região
Sudeste",102.04,NA,27171244,0,2,40442795,0.04945256627292945,0
SP,São Paulo,2006,"Região
Sudeste",101.19,NA,26031291,0,0,41055734,0,0
SP,São Paulo,2007,"Região
Sudeste",100.23,NA,27386979,0,0,NA,NA,NA
SP,São Paulo,2008,"Região
Sudeste",96.68,NA,42790366,0,0,41011638,0,0
SP,São Paulo,2009,"Região
Sudeste",99.13,NA,30640830,0,0,41384039,0,0
SP,São Paulo,2010,"Região
Sudeste",94.91,NA,30031501,0,0,41262199,0,0
SP,São Paulo,2011,"Região
Sudeste",100.34,NA,24341738,0,27,41587182,0.6492385081537865,0
SP,São Paulo,2012,"Região
Sudeste",99.54,NA,25684801,0,1,41901219,0.023865654123332306,0
SP,São Paulo,2013,"Região
Sudeste",103.37,75.71,35276534,0,5,43663669,0.11451167788946,0
SP,São Paulo,2014,"Região
Sudeste",105.02,95.89,28111829,0,7,44035304,0.15896336266918926,0
SP,São Paulo,2015,"Região
Sudeste",97.91,92.43,24321936,0,2,44396484,0.04504861240813574,0
SP,São Paulo,2016,"Região
Sudeste",92.96,77.73,19278980,0,0,44749699,0,0
SP,São Paulo,2017,"Região
Sudeste",86.72,83.4,25985472,0,0,45094866,0,0
SP,São Paulo,2018,"Região
Sudeste",91.46,81.84,26250596,0,7,45538936,0.15371461467610925,0
SP,São Paulo,2019,"Região
Sudeste",91.8,82.5,26182341,14,18049,45919049,393.06127616014,0.30488436291439747
SP,São Paulo,2020,"Região
Sudeste",85.23,67.11,22648718,1,879,46289333,18.98925612084322,0.021603249284235744
SP,São Paulo,2021,"Região
Sudeste",77.85,61.33,17281895,0,8,46649132,0.171493008701641,0
SP,São Paulo,2022,"Região
Sudeste",78.42,62.25,18370920,0,8,44411238,0.18013458665574691,0
SP,São Paulo,2023,"Região
Sudeste",93.11,76.41,NA,0,0,NA,NA,NA
SP,São Paulo,2024,"Região
Sudeste",99.13,83.11,NA,0,2,45973194,0.04350361212666668,0
SP,São Paulo,2025,"Região
Sudeste",94.58,76.69,NA,0,1,46081801,0.021700540740584338,0
SE,Sergipe,2003,"Região
Nordeste",132.46,NA,1921528,0,0,1874613,0,0
SE,Sergipe,2004,"Região
Nordeste",120.41,NA,1790027,0,0,1934596,0,0
SE,Sergipe,2005,"Região
Nordeste",93.82,NA,1372442,0,0,1967791,0,0
SE,Sergipe,2006,"Região
Nordeste",95.89,NA,1482503,0,0,2000738,0,0
SE,Sergipe,2007,"Região
Nordeste",106.25,NA,1444107,0,0,NA,NA,NA
SE,Sergipe,2008,"Região
Nordeste",99.53,NA,2058772,0,0,1999374,0,0
SE,Sergipe,2009,"Região
Nordeste",102.66,NA,1456439,0,0,2019679,0,0
SE,Sergipe,2010,"Região
Nordeste",98.24,NA,1477773,0,0,2068017,0,0
SE,Sergipe,2011,"Região
Nordeste",98.03,NA,1183430,0,0,2089819,0,0
SE,Sergipe,2012,"Região
Nordeste",97.34,NA,1204980,0,0,2110867,0,0
SE,Sergipe,2013,"Região
Nordeste",111.44,79.87,1666453,0,0,2195662,0,0
SE,Sergipe,2014,"Região
Nordeste",94.64,81.8,1348110,0,0,2219574,0,0
SE,Sergipe,2015,"Região
Nordeste",91.99,80.95,1202853,0,0,2242937,0,0
SE,Sergipe,2016,"Região
Nordeste",92.09,70.86,921798,0,0,2265779,0,0
SE,Sergipe,2017,"Região
Nordeste",83.24,69.69,1077692,0,0,2288116,0,0
SE,Sergipe,2018,"Região
Nordeste",95.47,71.93,1135732,0,4,2278308,1.7556888708638165,0
SE,Sergipe,2019,"Região
Nordeste",90.99,74.98,1123208,0,6,2298696,2.6101755082011713,0
SE,Sergipe,2020,"Região
Nordeste",74.91,59.97,1066844,0,8,2318822,3.4500276433464925,0
SE,Sergipe,2021,"Região
Nordeste",76.52,64.16,870324,0,0,2338474,0,0
SE,Sergipe,2022,"Região
Nordeste",84.31,65.15,1053393,0,0,2210004,0,0
SE,Sergipe,2023,"Região
Nordeste",93.59,78.2,NA,0,0,NA,NA,NA
SE,Sergipe,2024,"Região
Nordeste",94.91,87.49,NA,0,0,2291077,0,0
SE,Sergipe,2025,"Região
Nordeste",91.77,81.86,NA,0,0,2299425,0,0
TO,Tocantins,2003,"Região
Norte",115.03,NA,1377203,0,0,1230181,0,0
TO,Tocantins,2004,"Região
Norte",97.41,NA,1485587,0,0,1262644,0,0
TO,Tocantins,2005,"Região
Norte",101,NA,1355459,0,0,1305728,0,0
TO,Tocantins,2006,"Região
Norte",100.96,NA,1193202,0,0,1332441,0,0
TO,Tocantins,2007,"Região
Norte",107.82,NA,1307533,0,0,NA,NA,NA
TO,Tocantins,2008,"Região
Norte",96.4,NA,1978904,0,0,1280513,0,0
TO,Tocantins,2009,"Região
Norte",103,NA,1189213,0,0,1292051,0,0
TO,Tocantins,2010,"Região
Norte",95.33,NA,1227429,0,0,1383445,0,0
TO,Tocantins,2011,"Região
Norte",91.41,NA,915869,0,0,1400892,0,0
TO,Tocantins,2012,"Região
Norte",91.6,NA,9606,0,0,1417694,0,0
TO,Tocantins,2013,"Região
Norte",102.24,72.31,1259635,0,0,1478164,0,0
TO,Tocantins,2014,"Região
Norte",105.54,89.43,1074531,0,0,1496880,0,0
TO,Tocantins,2015,"Região
Norte",94.7,61.33,928444,0,0,1515126,0,0
TO,Tocantins,2016,"Região
Norte",91.89,88.28,78713,0,0,1532902,0,0
TO,Tocantins,2017,"Região
Norte",83.26,73.77,940983,0,0,1550194,0,0
TO,Tocantins,2018,"Região
Norte",91.21,78.86,823995,0,0,1555229,0,0
TO,Tocantins,2019,"Região
Norte",91.07,84.71,830418,0,0,1572866,0,0
TO,Tocantins,2020,"Região
Norte",81.63,67.56,886045,0,1,1590248,0.6288327355230128,0
TO,Tocantins,2021,"Região
Norte",80.47,50.51,724738,0,0,1607363,0,0
TO,Tocantins,2022,"Região
Norte",82.89,50.39,823175,0,0,1511460,0,0
TO,Tocantins,2023,"Região
Norte",94.43,57.4,NA,0,0,NA,NA,NA
TO,Tocantins,2024,"Região
Norte",94.02,80.28,NA,0,0,1577342,0,0
TO,Tocantins,2025,"Região
Norte",88.65,58.5,NA,0,0,1586859,0,0
AC,Acre,1994,"Região
Norte",NA,NA,247271,0,4,NA,NA,NA
AC,Acre,1995,"Região
Norte",NA,NA,532068,0,8,NA,NA,NA
AC,Acre,1996,"Região
Norte",NA,NA,381238,0,4,NA,NA,NA
AC,Acre,1997,"Região
Norte",NA,NA,750997,0,12,NA,NA,NA
AC,Acre,1998,"Região
Norte",NA,NA,613288,0,9,NA,NA,NA
AC,Acre,1999,"Região
Norte",NA,NA,2095997,0,14,NA,NA,NA
AC,Acre,2000,"Região
Norte",NA,NA,897103,0,15,NA,NA,NA
AC,Acre,2001,"Região
Norte",NA,NA,803376,0,0,574355,0,0
AC,Acre,2002,"Região
Norte",NA,NA,730728,0,0,586942,0,0
AL,Alagoas,1994,"Região
Nordeste",NA,NA,0,1,3,NA,NA,NA
AL,Alagoas,1995,"Região
Nordeste",NA,NA,1093767,2,24,NA,NA,NA
AL,Alagoas,1996,"Região
Nordeste",NA,NA,1424137,0,19,NA,NA,NA
AL,Alagoas,1997,"Região
Nordeste",NA,NA,1802078,1,30,NA,NA,NA
AL,Alagoas,1998,"Região
Nordeste",NA,NA,1897345,0,7,NA,NA,NA
AL,Alagoas,1999,"Região
Nordeste",NA,NA,2746091,0,43,NA,NA,NA
AL,Alagoas,2000,"Região
Nordeste",NA,NA,4181914,0,0,NA,NA,NA
AL,Alagoas,2001,"Região
Nordeste",NA,NA,2831806,0,0,2856629,0,0
AL,Alagoas,2002,"Região
Nordeste",NA,NA,3767158,0,0,2887535,0,0
AM,Amapá,1994,"Região
Norte",NA,NA,0,0,11,NA,NA,NA
AM,Amapá,1995,"Região
Norte",NA,NA,199883,0,9,NA,NA,NA
AM,Amapá,1996,"Região
Norte",NA,NA,217548,0,10,NA,NA,NA
AM,Amapá,1997,"Região
Norte",NA,NA,342782,0,22,NA,NA,NA
AM,Amapá,1998,"Região
Norte",NA,NA,594037,0,0,NA,NA,NA
AM,Amapá,1999,"Região
Norte",NA,NA,623304,0,0,NA,NA,NA
AM,Amapá,2000,"Região
Norte",NA,NA,801443,0,0,NA,NA,NA
AM,Amapá,2001,"Região
Norte",NA,NA,950739,0,0,498735,0,0
AM,Amapá,2002,"Região
Norte",NA,NA,699919,0,0,516511,0,0
AP,Amazonas,1994,"Região
Norte",NA,NA,1060057,1,146,NA,NA,NA
AP,Amazonas,1995,"Região
Norte",NA,NA,1713669,1,43,NA,NA,NA
AP,Amazonas,1996,"Região
Norte",NA,NA,2330216,0,28,NA,NA,NA
AP,Amazonas,1997,"Região
Norte",NA,NA,2714198,0,60,NA,NA,NA
AP,Amazonas,1998,"Região
Norte",NA,NA,3701986,0,110,NA,NA,NA
AP,Amazonas,1999,"Região
Norte",NA,NA,3090981,0,54,NA,NA,NA
AP,Amazonas,2000,"Região
Norte",NA,NA,4375096,0,2,NA,NA,NA
AP,Amazonas,2001,"Região
Norte",NA,NA,3627279,0,0,2900240,0,0
AP,Amazonas,2002,"Região
Norte",NA,NA,3437222,0,0,2961801,0,0
BA,Bahia,1994,"Região
Nordeste",NA,NA,6099252,1,96,NA,NA,NA
BA,Bahia,1995,"Região
Nordeste",NA,NA,4356615,0,36,NA,NA,NA
BA,Bahia,1996,"Região
Nordeste",NA,NA,5576198,1,362,NA,NA,NA
BA,Bahia,1997,"Região
Nordeste",NA,NA,7641690,5,2557,NA,NA,NA
BA,Bahia,1998,"Região
Nordeste",NA,NA,8814911,0,100,NA,NA,NA
BA,Bahia,1999,"Região
Nordeste",NA,NA,12098406,1,14,NA,NA,NA
BA,Bahia,2000,"Região
Nordeste",NA,NA,15148885,0,0,NA,NA,NA
BA,Bahia,2001,"Região
Nordeste",NA,NA,14990428,0,0,13214114,0,0
BA,Bahia,2002,"Região
Nordeste",NA,NA,16724931,0,0,13323212,0,0
CE,Ceará,1994,"Região
Nordeste",NA,NA,3525002,0,87,NA,NA,NA
CE,Ceará,1995,"Região
Nordeste",NA,NA,3454249,0,37,NA,NA,NA
CE,Ceará,1996,"Região
Nordeste",NA,NA,4313033,0,125,NA,NA,NA
CE,Ceará,1997,"Região
Nordeste",NA,NA,5798538,3,864,NA,NA,NA
CE,Ceará,1998,"Região
Nordeste",NA,NA,4654166,1,29,NA,NA,NA
CE,Ceará,1999,"Região
Nordeste",NA,NA,6716104,0,8,NA,NA,NA
CE,Ceará,2000,"Região
Nordeste",NA,NA,7282168,0,0,NA,NA,NA
CE,Ceará,2001,"Região
Nordeste",NA,NA,6207816,0,0,7547620,0,0
CE,Ceará,2002,"Região
Nordeste",NA,NA,6112441,0,0,7654535,0,0
DF,Distrito Federal,1994,"Região
Centro-Oeste",NA,NA,0,0,10,NA,NA,NA
DF,Distrito Federal,1995,"Região
Centro-Oeste",NA,NA,837,0,3,NA,NA,NA
DF,Distrito Federal,1996,"Região
Centro-Oeste",NA,NA,1059721,0,75,NA,NA,NA
DF,Distrito Federal,1997,"Região
Centro-Oeste",NA,NA,1522637,0,878,NA,NA,NA
DF,Distrito Federal,1998,"Região
Centro-Oeste",NA,NA,1844074,0,131,NA,NA,NA
DF,Distrito Federal,1999,"Região
Centro-Oeste",NA,NA,2275479,0,11,NA,NA,NA
DF,Distrito Federal,2000,"Região
Centro-Oeste",NA,NA,3547372,0,0,NA,NA,NA
DF,Distrito Federal,2001,"Região
Centro-Oeste",NA,NA,1884596,0,0,2097447,0,0
DF,Distrito Federal,2002,"Região
Centro-Oeste",NA,NA,1659352,0,0,2145839,0,0
ES,Espírito Santo,1994,"Região
Sudeste",NA,NA,1296432,0,32,NA,NA,NA
ES,Espírito Santo,1995,"Região
Sudeste",NA,NA,2549855,0,33,NA,NA,NA
ES,Espírito Santo,1996,"Região
Sudeste",NA,NA,1810593,1,6,NA,NA,NA
ES,Espírito Santo,1997,"Região
Sudeste",NA,NA,1749539,0,35,NA,NA,NA
ES,Espírito Santo,1998,"Região
Sudeste",NA,NA,3115713,2,2,NA,NA,NA
ES,Espírito Santo,1999,"Região
Sudeste",NA,NA,2709205,0,4,NA,NA,NA
ES,Espírito Santo,2000,"Região
Sudeste",NA,NA,2649509,0,0,NA,NA,NA
ES,Espírito Santo,2001,"Região
Sudeste",NA,NA,2989388,0,0,3155016,0,0
ES,Espírito Santo,2002,"Região
Sudeste",NA,NA,2287449,0,0,3201722,0,0
GO,Goiás,1994,"Região
Centro-Oeste",NA,NA,1017343,0,21,NA,NA,NA
GO,Goiás,1995,"Região
Centro-Oeste",NA,NA,2890781,0,11,NA,NA,NA
GO,Goiás,1996,"Região
Centro-Oeste",NA,NA,2956842,0,101,NA,NA,NA
GO,Goiás,1997,"Região
Centro-Oeste",NA,NA,3327562,0,526,NA,NA,NA
GO,Goiás,1998,"Região
Centro-Oeste",NA,NA,4236982,0,69,NA,NA,NA
GO,Goiás,1999,"Região
Centro-Oeste",NA,NA,5227361,0,11,NA,NA,NA
GO,Goiás,2000,"Região
Centro-Oeste",NA,NA,6895461,0,0,NA,NA,NA
GO,Goiás,2001,"Região
Centro-Oeste",NA,NA,5310681,0,0,5116462,0,0
GO,Goiás,2002,"Região
Centro-Oeste",NA,NA,4480963,0,0,5210335,0,0
MA,Maranhão,1994,"Região
Nordeste",NA,NA,3573421,0,11,NA,NA,NA
MA,Maranhão,1995,"Região
Nordeste",NA,NA,4516440,1,2,NA,NA,NA
MA,Maranhão,1996,"Região
Nordeste",NA,NA,3235673,0,9,NA,NA,NA
MA,Maranhão,1997,"Região
Nordeste",NA,NA,4463053,0,48,NA,NA,NA
MA,Maranhão,1998,"Região
Nordeste",NA,NA,5709568,0,0,NA,NA,NA
MA,Maranhão,1999,"Região
Nordeste",NA,NA,7880828,0,0,NA,NA,NA
MA,Maranhão,2000,"Região
Nordeste",NA,NA,7946756,0,0,NA,NA,NA
MA,Maranhão,2001,"Região
Nordeste",NA,NA,7062753,0,0,5730467,0,0
MA,Maranhão,2002,"Região
Nordeste",NA,NA,6196708,0,0,5803224,0,0
MT,Mato Grosso,1994,"Região
Centro-Oeste",NA,NA,1019664,0,14,NA,NA,NA
MT,Mato Grosso,1995,"Região
Centro-Oeste",NA,NA,1243724,1,6,NA,NA,NA
MT,Mato Grosso,1996,"Região
Centro-Oeste",NA,NA,1195919,0,21,NA,NA,NA
MT,Mato Grosso,1997,"Região
Centro-Oeste",NA,NA,2057182,0,54,NA,NA,NA
MT,Mato Grosso,1998,"Região
Centro-Oeste",NA,NA,3558030,0,19,NA,NA,NA
MT,Mato Grosso,1999,"Região
Centro-Oeste",NA,NA,3358897,0,7,NA,NA,NA
MT,Mato Grosso,2000,"Região
Centro-Oeste",NA,NA,4221129,0,0,NA,NA,NA
MT,Mato Grosso,2001,"Região
Centro-Oeste",NA,NA,2931112,0,0,2560584,0,0
MT,Mato Grosso,2002,"Região
Centro-Oeste",NA,NA,3063932,0,0,2604742,0,0
MS,Mato Grosso do Sul,1994,"Região
Centro-Oeste",NA,NA,0,0,68,NA,NA,NA
MS,Mato Grosso do Sul,1995,"Região
Centro-Oeste",NA,NA,0,0,17,NA,NA,NA
MS,Mato Grosso do Sul,1996,"Região
Centro-Oeste",NA,NA,624349,0,11,NA,NA,NA
MS,Mato Grosso do Sul,1997,"Região
Centro-Oeste",NA,NA,1245403,0,155,NA,NA,NA
MS,Mato Grosso do Sul,1998,"Região
Centro-Oeste",NA,NA,1445619,0,46,NA,NA,NA
MS,Mato Grosso do Sul,1999,"Região
Centro-Oeste",NA,NA,2044697,0,21,NA,NA,NA
MS,Mato Grosso do Sul,2000,"Região
Centro-Oeste",NA,NA,2660005,0,1,NA,NA,NA
MS,Mato Grosso do Sul,2001,"Região
Centro-Oeste",NA,NA,2223468,0,0,2111036,0,0
MS,Mato Grosso do Sul,2002,"Região
Centro-Oeste",NA,NA,2902173,0,0,2140624,0,0
MG,Minas Gerais,1994,"Região
Sudeste",NA,NA,0,0,97,NA,NA,NA
MG,Minas Gerais,1995,"Região
Sudeste",NA,NA,0,0,60,NA,NA,NA
MG,Minas Gerais,1996,"Região
Sudeste",NA,NA,0,1,74,NA,NA,NA
MG,Minas Gerais,1997,"Região
Sudeste",NA,NA,10308837,3,794,NA,NA,NA
MG,Minas Gerais,1998,"Região
Sudeste",NA,NA,11316601,0,43,NA,NA,NA
MG,Minas Gerais,1999,"Região
Sudeste",NA,NA,19681975,0,9,NA,NA,NA
MG,Minas Gerais,2000,"Região
Sudeste",NA,NA,18771161,0,0,NA,NA,NA
MG,Minas Gerais,2001,"Região
Sudeste",NA,NA,21661166,0,0,18127096,0,0
MG,Minas Gerais,2002,"Região
Sudeste",NA,NA,15768385,0,0,18343517,0,0
PA,Pará,1994,"Região
Norte",NA,NA,2702656,0,42,NA,NA,NA
PA,Pará,1995,"Região
Norte",NA,NA,2989578,0,22,NA,NA,NA
PA,Pará,1996,"Região
Norte",NA,NA,3762019,0,25,NA,NA,NA
PA,Pará,1997,"Região
Norte",NA,NA,5986769,0,52,NA,NA,NA
PA,Pará,1998,"Região
Norte",NA,NA,7379632,0,21,NA,NA,NA
PA,Pará,1999,"Região
Norte",NA,NA,8898969,0,17,NA,NA,NA
PA,Pará,2000,"Região
Norte",NA,NA,9555755,0,0,NA,NA,NA
PA,Pará,2001,"Região
Norte",NA,NA,7828208,0,0,6341736,0,0
PA,Pará,2002,"Região
Norte",NA,NA,10078315,0,0,6453683,0,0
PB,Paraíba,1994,"Região
Nordeste",NA,NA,0,0,8,NA,NA,NA
PB,Paraíba,1995,"Região
Nordeste",NA,NA,779729,0,33,NA,NA,NA
PB,Paraíba,1996,"Região
Nordeste",NA,NA,1620745,0,59,NA,NA,NA
PB,Paraíba,1997,"Região
Nordeste",NA,NA,3235523,0,342,NA,NA,NA
PB,Paraíba,1998,"Região
Nordeste",NA,NA,2694232,0,49,NA,NA,NA
PB,Paraíba,1999,"Região
Nordeste",NA,NA,2761255,0,35,NA,NA,NA
PB,Paraíba,2000,"Região
Nordeste",NA,NA,2640373,0,0,NA,NA,NA
PB,Paraíba,2001,"Região
Nordeste",NA,NA,2778642,0,0,3468594,0,0
PB,Paraíba,2002,"Região
Nordeste",NA,NA,3083571,0,0,3494893,0,0
PR,Paraná,1994,"Região
Sul",NA,NA,0,0,9,NA,NA,NA
PR,Paraná,1995,"Região
Sul",NA,NA,3546002,0,33,NA,NA,NA
PR,Paraná,1996,"Região
Sul",NA,NA,3282837,0,73,NA,NA,NA
PR,Paraná,1997,"Região
Sul",NA,NA,6709434,1,546,NA,NA,NA
PR,Paraná,1998,"Região
Sul",NA,NA,4531876,0,909,NA,NA,NA
PR,Paraná,1999,"Região
Sul",NA,NA,11553319,0,1,NA,NA,NA
PR,Paraná,2000,"Região
Sul",NA,NA,8916069,0,2,NA,NA,NA
PR,Paraná,2001,"Região
Sul",NA,NA,8484257,0,0,9694709,0,0
PR,Paraná,2002,"Região
Sul",NA,NA,7459354,0,0,9798006,0,0
PE,Pernambuco,1994,"Região
Nordeste",NA,NA,3433375,1,13,NA,NA,NA
PE,Pernambuco,1995,"Região
Nordeste",NA,NA,6212277,0,10,NA,NA,NA
PE,Pernambuco,1996,"Região
Nordeste",NA,NA,6013353,0,23,NA,NA,NA
PE,Pernambuco,1997,"Região
Nordeste",NA,NA,6364081,0,335,NA,NA,NA
PE,Pernambuco,1998,"Região
Nordeste",NA,NA,5992067,0,345,NA,NA,NA
PE,Pernambuco,1999,"Região
Nordeste",NA,NA,7849485,0,240,NA,NA,NA
PE,Pernambuco,2000,"Região
Nordeste",NA,NA,9532845,0,0,NA,NA,NA
PE,Pernambuco,2001,"Região
Nordeste",NA,NA,8956393,0,0,8008207,0,0
PE,Pernambuco,2002,"Região
Nordeste",NA,NA,7879981,0,0,8084667,0,0
PI,Piauí,1994,"Região
Nordeste",NA,NA,1665626,1,8,NA,NA,NA
PI,Piauí,1995,"Região
Nordeste",NA,NA,1440068,0,7,NA,NA,NA
PI,Piauí,1996,"Região
Nordeste",NA,NA,1339793,1,8,NA,NA,NA
PI,Piauí,1997,"Região
Nordeste",NA,NA,1491053,0,161,NA,NA,NA
PI,Piauí,1998,"Região
Nordeste",NA,NA,1604822,0,19,NA,NA,NA
PI,Piauí,1999,"Região
Nordeste",NA,NA,2170145,0,6,NA,NA,NA
PI,Piauí,2000,"Região
Nordeste",NA,NA,3569150,0,0,NA,NA,NA
PI,Piauí,2001,"Região
Nordeste",NA,NA,2755932,0,0,2873010,0,0
PI,Piauí,2002,"Região
Nordeste",NA,NA,3079740,0,0,2898223,0,0
RJ,Rio de Janeiro,1994,"Região
Sudeste",NA,NA,0,0,136,NA,NA,NA
RJ,Rio de Janeiro,1995,"Região
Sudeste",NA,NA,4418954,0,126,NA,NA,NA
RJ,Rio de Janeiro,1996,"Região
Sudeste",NA,NA,3624884,0,438,NA,NA,NA
RJ,Rio de Janeiro,1997,"Região
Sudeste",NA,NA,7275325,2,2616,NA,NA,NA
RJ,Rio de Janeiro,1998,"Região
Sudeste",NA,NA,7678953,0,305,NA,NA,NA
RJ,Rio de Janeiro,1999,"Região
Sudeste",NA,NA,10757180,0,177,NA,NA,NA
RJ,Rio de Janeiro,2000,"Região
Sudeste",NA,NA,12023435,0,1,NA,NA,NA
RJ,Rio de Janeiro,2001,"Região
Sudeste",NA,NA,13904327,0,0,14558545,0,0
RJ,Rio de Janeiro,2002,"Região
Sudeste",NA,NA,11594352,0,0,14724475,0,0
RN,Rio Grande do Norte,1994,"Região
Nordeste",NA,NA,892862,0,26,NA,NA,NA
RN,Rio Grande do Norte,1995,"Região
Nordeste",NA,NA,1124588,0,13,NA,NA,NA
RN,Rio Grande do Norte,1996,"Região
Nordeste",NA,NA,1374695,0,25,NA,NA,NA
RN,Rio Grande do Norte,1997,"Região
Nordeste",NA,NA,1593657,0,112,NA,NA,NA
RN,Rio Grande do Norte,1998,"Região
Nordeste",NA,NA,1686305,0,7,NA,NA,NA
RN,Rio Grande do Norte,1999,"Região
Nordeste",NA,NA,2113101,0,3,NA,NA,NA
RN,Rio Grande do Norte,2000,"Região
Nordeste",NA,NA,3076836,0,0,NA,NA,NA
RN,Rio Grande do Norte,2001,"Região
Nordeste",NA,NA,2398252,0,0,2815244,0,0
RN,Rio Grande do Norte,2002,"Região
Nordeste",NA,NA,2486625,0,0,2852784,0,0
RS,Rio Grande do Sul,1994,"Região
Sul",NA,NA,0,1,193,NA,NA,NA
RS,Rio Grande do Sul,1995,"Região
Sul",NA,NA,4945493,1,190,NA,NA,NA
RS,Rio Grande do Sul,1996,"Região
Sul",NA,NA,4818668,2,158,NA,NA,NA
RS,Rio Grande do Sul,1997,"Região
Sul",NA,NA,4990553,3,733,NA,NA,NA
RS,Rio Grande do Sul,1998,"Região
Sul",NA,NA,4771179,0,76,NA,NA,NA
RS,Rio Grande do Sul,1999,"Região
Sul",NA,NA,6822400,0,13,NA,NA,NA
RS,Rio Grande do Sul,2000,"Região
Sul",NA,NA,7238590,0,0,NA,NA,NA
RS,Rio Grande do Sul,2001,"Região
Sul",NA,NA,7925240,0,0,10309819,0,0
RS,Rio Grande do Sul,2002,"Região
Sul",NA,NA,9210525,0,0,10408540,0,0
RO,Rondônia,1994,"Região
Norte",NA,NA,1066655,0,35,NA,NA,NA
RO,Rondônia,1995,"Região
Norte",NA,NA,1131629,0,23,NA,NA,NA
RO,Rondônia,1996,"Região
Norte",NA,NA,1321580,0,7,NA,NA,NA
RO,Rondônia,1997,"Região
Norte",NA,NA,1268726,0,17,NA,NA,NA
RO,Rondônia,1998,"Região
Norte",NA,NA,1529870,0,22,NA,NA,NA
RO,Rondônia,1999,"Região
Norte",NA,NA,1409218,0,1,NA,NA,NA
RO,Rondônia,2000,"Região
Norte",NA,NA,1946752,0,0,NA,NA,NA
RO,Rondônia,2001,"Região
Norte",NA,NA,1708077,0,0,1407886,0,0
RO,Rondônia,2002,"Região
Norte",NA,NA,1307970,0,0,1431777,0,0
RR,Roraima,1994,"Região
Norte",NA,NA,243144,0,23,NA,NA,NA
RR,Roraima,1995,"Região
Norte",NA,NA,382307,0,12,NA,NA,NA
RR,Roraima,1996,"Região
Norte",NA,NA,343973,0,4,NA,NA,NA
RR,Roraima,1997,"Região
Norte",NA,NA,330366,0,10,NA,NA,NA
RR,Roraima,1998,"Região
Norte",NA,NA,636257,0,22,NA,NA,NA
RR,Roraima,1999,"Região
Norte",NA,NA,452054,0,0,NA,NA,NA
RR,Roraima,2000,"Região
Norte",NA,NA,696255,0,0,NA,NA,NA
RR,Roraima,2001,"Região
Norte",NA,NA,497155,0,0,337237,0,0
RR,Roraima,2002,"Região
Norte",NA,NA,512151,0,0,346871,0,0
SC,Santa Catarina,1994,"Região
Sul",NA,NA,2942516,0,25,NA,NA,NA
SC,Santa Catarina,1995,"Região
Sul",NA,NA,2591758,0,30,NA,NA,NA
SC,Santa Catarina,1996,"Região
Sul",NA,NA,2102093,0,39,NA,NA,NA
SC,Santa Catarina,1997,"Região
Sul",NA,NA,2759330,0,491,NA,NA,NA
SC,Santa Catarina,1998,"Região
Sul",NA,NA,3420888,0,61,NA,NA,NA
SC,Santa Catarina,1999,"Região
Sul",NA,NA,3689189,0,25,NA,NA,NA
SC,Santa Catarina,2000,"Região
Sul",NA,NA,5197414,0,1,NA,NA,NA
SC,Santa Catarina,2001,"Região
Sul",NA,NA,4286101,0,0,5448736,0,0
SC,Santa Catarina,2002,"Região
Sul",NA,NA,5113876,0,0,5527707,0,0
SP,São Paulo,1994,"Região
Sudeste",NA,NA,0,1,89,NA,NA,NA
SP,São Paulo,1995,"Região
Sudeste",NA,NA,2694310,1,127,NA,NA,NA
SP,São Paulo,1996,"Região
Sudeste",NA,NA,2685627,1,1565,NA,NA,NA
SP,São Paulo,1997,"Região
Sudeste",NA,NA,12155615,42,42058,NA,NA,NA
SP,São Paulo,1998,"Região
Sudeste",NA,NA,21983469,0,268,NA,NA,NA
SP,São Paulo,1999,"Região
Sudeste",NA,NA,28686694,1,169,NA,NA,NA
SP,São Paulo,2000,"Região
Sudeste",NA,NA,33610215,0,14,NA,NA,NA
SP,São Paulo,2001,"Região
Sudeste",NA,NA,41813474,0,1,37630106,0.026574466731504823,0
SP,São Paulo,2002,"Região
Sudeste",NA,NA,30439591,0,1,38177742,0.026193272509411374,0
SE,Sergipe,1994,"Região
Nordeste",NA,NA,0,0,51,NA,NA,NA
SE,Sergipe,1995,"Região
Nordeste",NA,NA,1244236,0,33,NA,NA,NA
SE,Sergipe,1996,"Região
Nordeste",NA,NA,1158405,0,34,NA,NA,NA
SE,Sergipe,1997,"Região
Nordeste",NA,NA,1220961,0,98,NA,NA,NA
SE,Sergipe,1998,"Região
Nordeste",NA,NA,1145494,0,51,NA,NA,NA
SE,Sergipe,1999,"Região
Nordeste",NA,NA,2026214,0,20,NA,NA,NA
SE,Sergipe,2000,"Região
Nordeste",NA,NA,1871118,0,0,NA,NA,NA
SE,Sergipe,2001,"Região
Nordeste",NA,NA,2151968,0,0,1817301,0,0
SE,Sergipe,2002,"Região
Nordeste",NA,NA,1700224,0,0,1846039,0,0
TO,Tocantins,1994,"Região
Norte",NA,NA,0,0,4,NA,NA,NA
TO,Tocantins,1995,"Região
Norte",NA,NA,0,0,24,NA,NA,NA
TO,Tocantins,1996,"Região
Norte",NA,NA,861857,0,23,NA,NA,NA
TO,Tocantins,1997,"Região
Norte",NA,NA,940661,0,58,NA,NA,NA
TO,Tocantins,1998,"Região
Norte",NA,NA,1617472,0,61,NA,NA,NA
TO,Tocantins,1999,"Região
Norte",NA,NA,1972340,0,5,NA,NA,NA
TO,Tocantins,2000,"Região
Norte",NA,NA,2015982,0,0,NA,NA,NA
TO,Tocantins,2001,"Região
Norte",NA,NA,1563858,0,0,1184895,0,0
TO,Tocantins,2002,"Região
Norte",NA,NA,1576494,0,0,1207014,0,0
RO,Rondônia,1990,"Região
Norte",NA,NA,NA,6,165,NA,NA,NA
RO,Rondônia,1991,"Região
Norte",NA,NA,NA,1,211,NA,NA,NA
RO,Rondônia,1992,"Região
Norte",NA,NA,NA,0,48,NA,NA,NA
RO,Rondônia,1993,"Região
Norte",NA,NA,NA,0,71,NA,NA,NA
AC,Acre,1990,"Região
Norte",NA,NA,NA,9,537,NA,NA,NA
AC,Acre,1991,"Região
Norte",NA,NA,NA,4,89,NA,NA,NA
AC,Acre,1992,"Região
Norte",NA,NA,NA,0,40,NA,NA,NA
AC,Acre,1993,"Região
Norte",NA,NA,NA,0,0,NA,NA,NA
AP,Amazonas,1990,"Região
Norte",NA,NA,NA,67,1878,NA,NA,NA
AP,Amazonas,1991,"Região
Norte",NA,NA,NA,7,800,NA,NA,NA
AP,Amazonas,1992,"Região
Norte",NA,NA,NA,0,217,NA,NA,NA
AP,Amazonas,1993,"Região
Norte",NA,NA,NA,0,104,NA,NA,NA
RR,Roraima,1990,"Região
Norte",NA,NA,NA,1,27,NA,NA,NA
RR,Roraima,1991,"Região
Norte",NA,NA,NA,1,94,NA,NA,NA
RR,Roraima,1992,"Região
Norte",NA,NA,NA,1,27,NA,NA,NA
RR,Roraima,1993,"Região
Norte",NA,NA,NA,0,20,NA,NA,NA
PA,Pará,1990,"Região
Norte",NA,NA,NA,30,1205,NA,NA,NA
PA,Pará,1991,"Região
Norte",NA,NA,NA,22,1672,NA,NA,NA
PA,Pará,1992,"Região
Norte",NA,NA,NA,2,109,NA,NA,NA
PA,Pará,1993,"Região
Norte",NA,NA,NA,2,20,NA,NA,NA
AM,Amapá,1990,"Região
Norte",NA,NA,NA,1,80,NA,NA,NA
AM,Amapá,1991,"Região
Norte",NA,NA,NA,16,1366,NA,NA,NA
AM,Amapá,1992,"Região
Norte",NA,NA,NA,1,22,NA,NA,NA
AM,Amapá,1993,"Região
Norte",NA,NA,NA,0,17,NA,NA,NA
TO,Tocantins,1990,"Região
Norte",NA,NA,NA,4,1504,NA,NA,NA
TO,Tocantins,1991,"Região
Norte",NA,NA,NA,2,433,NA,NA,NA
TO,Tocantins,1992,"Região
Norte",NA,NA,NA,0,17,NA,NA,NA
TO,Tocantins,1993,"Região
Norte",NA,NA,NA,0,7,NA,NA,NA
MA,Maranhão,1990,"Região
Nordeste",NA,NA,NA,54,2580,NA,NA,NA
MA,Maranhão,1991,"Região
Nordeste",NA,NA,NA,5,281,NA,NA,NA
MA,Maranhão,1992,"Região
Nordeste",NA,NA,NA,0,26,NA,NA,NA
MA,Maranhão,1993,"Região
Nordeste",NA,NA,NA,1,13,NA,NA,NA
PI,Piauí,1990,"Região
Nordeste",NA,NA,NA,30,1282,NA,NA,NA
PI,Piauí,1991,"Região
Nordeste",NA,NA,NA,2,156,NA,NA,NA
PI,Piauí,1992,"Região
Nordeste",NA,NA,NA,0,54,NA,NA,NA
PI,Piauí,1993,"Região
Nordeste",NA,NA,NA,0,4,NA,NA,NA
CE,Ceará,1990,"Região
Nordeste",NA,NA,NA,13,2771,NA,NA,NA
CE,Ceará,1991,"Região
Nordeste",NA,NA,NA,13,4704,NA,NA,NA
CE,Ceará,1992,"Região
Nordeste",NA,NA,NA,4,393,NA,NA,NA
CE,Ceará,1993,"Região
Nordeste",NA,NA,NA,0,134,NA,NA,NA
RN,Rio Grande do Norte,1990,"Região
Nordeste",NA,NA,NA,8,1378,NA,NA,NA
RN,Rio Grande do Norte,1991,"Região
Nordeste",NA,NA,NA,1,617,NA,NA,NA
RN,Rio Grande do Norte,1992,"Região
Nordeste",NA,NA,NA,0,205,NA,NA,NA
RN,Rio Grande do Norte,1993,"Região
Nordeste",NA,NA,NA,0,42,NA,NA,NA
PB,Paraíba,1990,"Região
Nordeste",NA,NA,NA,32,1735,NA,NA,NA
PB,Paraíba,1991,"Região
Nordeste",NA,NA,NA,16,764,NA,NA,NA
PB,Paraíba,1992,"Região
Nordeste",NA,NA,NA,3,369,NA,NA,NA
PB,Paraíba,1993,"Região
Nordeste",NA,NA,NA,0,32,NA,NA,NA
PE,Pernambuco,1990,"Região
Nordeste",NA,NA,NA,6,194,NA,NA,NA
PE,Pernambuco,1991,"Região
Nordeste",NA,NA,NA,7,290,NA,NA,NA
PE,Pernambuco,1992,"Região
Nordeste",NA,NA,NA,0,165,NA,NA,NA
PE,Pernambuco,1993,"Região
Nordeste",NA,NA,NA,1,15,NA,NA,NA
AL,Alagoas,1990,"Região
Nordeste",NA,NA,NA,35,1679,NA,NA,NA
AL,Alagoas,1991,"Região
Nordeste",NA,NA,NA,4,525,NA,NA,NA
AL,Alagoas,1992,"Região
Nordeste",NA,NA,NA,0,131,NA,NA,NA
AL,Alagoas,1993,"Região
Nordeste",NA,NA,NA,1,22,NA,NA,NA
SE,Sergipe,1990,"Região
Nordeste",NA,NA,NA,4,773,NA,NA,NA
SE,Sergipe,1991,"Região
Nordeste",NA,NA,NA,3,495,NA,NA,NA
SE,Sergipe,1992,"Região
Nordeste",NA,NA,NA,4,112,NA,NA,NA
SE,Sergipe,1993,"Região
Nordeste",NA,NA,NA,0,48,NA,NA,NA
BA,Bahia,1990,"Região
Nordeste",NA,NA,NA,11,1384,NA,NA,NA
BA,Bahia,1991,"Região
Nordeste",NA,NA,NA,9,3532,NA,NA,NA
BA,Bahia,1992,"Região
Nordeste",NA,NA,NA,2,1303,NA,NA,NA
BA,Bahia,1993,"Região
Nordeste",NA,NA,NA,2,56,NA,NA,NA
MG,Minas Gerais,1990,"Região
Sudeste",NA,NA,NA,44,8100,NA,NA,NA
MG,Minas Gerais,1991,"Região
Sudeste",NA,NA,NA,17,5354,NA,NA,NA
MG,Minas Gerais,1992,"Região
Sudeste",NA,NA,NA,4,1828,NA,NA,NA
MG,Minas Gerais,1993,"Região
Sudeste",NA,NA,NA,2,325,NA,NA,NA
ES,Espírito Santo,1990,"Região
Sudeste",NA,NA,NA,43,8664,NA,NA,NA
ES,Espírito Santo,1991,"Região
Sudeste",NA,NA,NA,3,1422,NA,NA,NA
ES,Espírito Santo,1992,"Região
Sudeste",NA,NA,NA,2,228,NA,NA,NA
ES,Espírito Santo,1993,"Região
Sudeste",NA,NA,NA,1,31,NA,NA,NA
RJ,Rio de Janeiro,1990,"Região
Sudeste",NA,NA,NA,18,4577,NA,NA,NA
RJ,Rio de Janeiro,1991,"Região
Sudeste",NA,NA,NA,14,3777,NA,NA,NA
RJ,Rio de Janeiro,1992,"Região
Sudeste",NA,NA,NA,0,463,NA,NA,NA
RJ,Rio de Janeiro,1993,"Região
Sudeste",NA,NA,NA,2,307,NA,NA,NA
SP,São Paulo,1990,"Região
Sudeste",NA,NA,NA,7,861,NA,NA,NA
SP,São Paulo,1991,"Região
Sudeste",NA,NA,NA,0,340,NA,NA,NA
SP,São Paulo,1992,"Região
Sudeste",NA,NA,NA,1,116,NA,NA,NA
SP,São Paulo,1993,"Região
Sudeste",NA,NA,NA,2,339,NA,NA,NA
PR,Paraná,1990,"Região
Sul",NA,NA,NA,4,1846,NA,NA,NA
PR,Paraná,1991,"Região
Sul",NA,NA,NA,7,3144,NA,NA,NA
PR,Paraná,1992,"Região
Sul",NA,NA,NA,1,273,NA,NA,NA
PR,Paraná,1993,"Região
Sul",NA,NA,NA,0,101,NA,NA,NA
SC,Santa Catarina,1990,"Região
Sul",NA,NA,NA,2,852,NA,NA,NA
SC,Santa Catarina,1991,"Região
Sul",NA,NA,NA,5,1477,NA,NA,NA
SC,Santa Catarina,1992,"Região
Sul",NA,NA,NA,0,28,NA,NA,NA
SC,Santa Catarina,1993,"Região
Sul",NA,NA,NA,0,8,NA,NA,NA
RS,Rio Grande do Sul,1990,"Região
Sul",NA,NA,NA,17,3901,NA,NA,NA
RS,Rio Grande do Sul,1991,"Região
Sul",NA,NA,NA,27,6519,NA,NA,NA
RS,Rio Grande do Sul,1992,"Região
Sul",NA,NA,NA,3,757,NA,NA,NA
RS,Rio Grande do Sul,1993,"Região
Sul",NA,NA,NA,4,449,NA,NA,NA
MS,Mato Grosso do Sul,1990,"Região
Centro-Oeste",NA,NA,NA,1,121,NA,NA,NA
MS,Mato Grosso do Sul,1991,"Região
Centro-Oeste",NA,NA,NA,13,1142,NA,NA,NA
MS,Mato Grosso do Sul,1992,"Região
Centro-Oeste",NA,NA,NA,1,442,NA,NA,NA
MS,Mato Grosso do Sul,1993,"Região
Centro-Oeste",NA,NA,NA,0,64,NA,NA,NA
MT,Mato Grosso,1990,"Região
Centro-Oeste",NA,NA,NA,2,776,NA,NA,NA
MT,Mato Grosso,1991,"Região
Centro-Oeste",NA,NA,NA,12,2765,NA,NA,NA
MT,Mato Grosso,1992,"Região
Centro-Oeste",NA,NA,NA,0,177,NA,NA,NA
MT,Mato Grosso,1993,"Região
Centro-Oeste",NA,NA,NA,0,14,NA,NA,NA
GO,Goiás,1990,"Região
Centro-Oeste",NA,NA,NA,10,8229,NA,NA,NA
GO,Goiás,1991,"Região
Centro-Oeste",NA,NA,NA,1,292,NA,NA,NA
GO,Goiás,1992,"Região
Centro-Oeste",NA,NA,NA,0,83,NA,NA,NA
GO,Goiás,1993,"Região
Centro-Oeste",NA,NA,NA,0,77,NA,NA,NA
DF,Distrito Federal,1990,"Região
Centro-Oeste",NA,NA,NA,19,4372,NA,NA,NA
DF,Distrito Federal,1991,"Região
Centro-Oeste",NA,NA,NA,0,271,NA,NA,NA
DF,Distrito Federal,1992,"Região
Centro-Oeste",NA,NA,NA,0,64,NA,NA,NA
DF,Distrito Federal,1993,"Região
Centro-Oeste",NA,NA,NA,0,76,NA,NA,NA
